age,income,browsing_time,pages_visited,churn,satisfaction_score,purchase_frequency
1.4942232834029205,-0.5616235177842528,-0.9040192033123111,-1.0064793218626176,1,3,4
1.246982744572378,-1.0347912133138,0.9074093704572728,0.0810767579585705,1,3,5
1.0151668025593767,-1.694342727102739,-1.2235032559127348,-1.2310308840349289,1,3,2
-3.9322357317446954,-1.2978984647287497,-1.7062339666604536,-0.11649524685897672,0,4,7
-0.32701533274153327,-0.8103256477936841,0.009266166024752387,-1.1597234746697889,0,1,3
1.2497834486425798,-0.5182203138645911,-0.4725005133287462,-1.2636441877141247,1,1,5
-0.7427494559580103,-1.1945390233287778,-1.3318605591331827,-1.1509301574484734,0,2,1
-1.5547924315872659,-0.7595861247588827,-1.7325787488187485,-0.8055806687153506,0,1,0
-2.0875307402334116,-0.1507809697324325,-1.016756039196756,-0.35422270272328216,0,3,2
-1.406486992708842,-1.1246422224908474,-0.4186203820069688,-0.9637944754923952,0,3,5
0.8730280212431851,-0.9799990034783229,-3.0617195541537376,-2.0910667691552898,1,3,1
1.8079260297365223,-2.753939698104336,-0.011441269047742453,-2.657323088040469,0,2,1
1.124494786974714,-0.9823818876096647,-0.4643351218917853,-1.0753670085758982,1,3,4
-0.3237895825886973,-2.162958195478562,0.8556596613416825,-1.854057978641313,0,1,3
-2.746328916921117,0.3461163672523613,-1.8197145652854432,0.27301466211467273,0,4,4
-2.1473264343328884,0.19100535191904155,-1.8508945779122186,-0.10937775243568859,0,4,2
1.3948912780400895,-0.9983611143654114,-1.846791057671763,-0.9285049299995523,1,5,4
-0.5852657761566233,-1.2117561728933994,-1.017122034999647,-0.975462638035206,0,1,2
0.6875352473781351,-1.334601448434052,-0.8654619858809818,-0.08780523310551613,1,3,6
0.8628643680570895,-1.685124046491255,-0.6181035247532161,-1.8873499435688603,0,4,3
0.9889044091193158,-1.366341112847016,0.617553864908198,-0.59345096882488,1,1,3
-1.498243102445979,-1.9530910007434534,-0.958488996715352,-1.1676594614020999,0,4,5
-2.4992983127555854,-0.37800714420803894,-0.9661725341694392,-0.23508514923192048,0,3,4
1.188908289501426,-1.0983090592761342,-0.3076713510033361,-1.7873518262326933,0,4,1
-1.0164608203869534,-0.6420050281680488,-0.15192269474863185,-0.9538532542154985,0,5,4
1.0315644015594092,-0.7467264767006401,-0.06166586100435223,-1.3400611607497743,1,5,3
1.3674609403786395,-1.2829016379261908,-0.23771119702690335,-0.6248444810616015,1,4,5
1.31860964596271,-2.4645017240688385,0.6811167165795258,-2.405101683269746,0,1,4
-0.9659037947232229,-0.15177221443939737,-1.1473032333491888,-0.6625670821781506,0,1,4
0.48055060107821645,-0.27811606592844085,-0.6289912330715266,1.6244457137042518,1,1,6
1.275797585095594,-0.025142108036302013,-5.273616932335959,-1.8129348384148938,1,4,4
-0.9197523964050714,-0.27871683321414475,-1.0154399254626116,-0.6407890831100294,0,1,1
1.0896908259319136,-1.0596991199346395,-1.2485919475444176,-2.671793226689215,1,3,1
1.9960064379431226,-1.2462937248456913,-0.2458181492965228,-2.0949612771213806,0,5,1
1.609774426864079,-3.1042911737111636,0.5033149843031606,-2.2982801899396677,1,3,2
-2.335195114873353,-1.2279930206837009,-2.0048776544577054,-0.5653693161603062,0,1,3
-0.8190061983601281,-1.7471874109508838,-0.3525235198800142,-1.4305568587768278,0,3,3
1.209974120169025,-1.1795242998224182,-3.91430147331136,-2.9812744051774964,1,1,3
-2.063911181232113,-0.9469200466036459,-1.0748069486640652,-0.679815381486834,0,4,3
1.263022897737491,-1.8228059807673478,-0.4361736271006381,-1.5114679689882367,1,3,4
0.9267249277973056,-1.1537418729318187,0.30205935165257203,-0.7941708943636565,1,4,3
1.0113521073655847,-1.6951987306146186,-1.8580913752549677,-1.0001634598542568,1,4,6
1.0947066574635442,-1.4539857969176535,-0.1438834250387765,-0.5108188884578697,1,2,2
0.30141178299212545,-1.213092934979507,-0.10043738068302555,-1.5912885537718167,0,1,3
1.3024767067394054,-1.5454792798687793,0.005964872480958006,-1.5809496735086506,1,5,3
-1.549086928457212,-0.6292696740725517,-1.3643487141209973,-0.6101705953910153,0,1,2
0.7408538276878088,0.8061703773675664,-0.4235474408697376,2.22058355681235,1,5,0
-0.29040454852677045,-1.819461141779857,0.17316879602026658,-1.645037954745609,0,1,2
1.2781070121626021,-1.0390944645649531,-1.3750415908479887,-2.1800576107241354,1,4,8
1.1059279377396747,-1.4388532291667893,0.07674616755862651,-1.8116913527167822,0,3,4
0.8956428359123471,-1.3828395313815574,2.744907691119808,1.7861805200934593,1,3,3
0.758988698656403,0.04056606341320257,-2.2232642283014927,-1.565479259851372,1,2,4
2.076650782462335,-1.2635056318299478,-2.5844650333744124,-2.589657412293569,1,5,3
-0.3864947900806973,0.037782551402889775,-0.24577823650859565,-0.938289790014501,0,5,5
-1.9425738346632948,-0.8391593551589751,-2.1348581148713954,-0.5195916625406376,0,5,2
1.3178570716411884,-0.7844869553600512,-2.3749795602735917,-1.3093743036414556,1,4,3
1.1083246402686535,-0.5028941727229173,-4.682811791447855,-1.662126282336358,1,5,5
-1.3373946705794215,0.11797788493991823,-1.4148484475775938,-0.4248596241527659,0,3,3
-0.013932065688016082,-2.5040129353134084,-1.497303392142804,-1.752983703108533,0,4,3
1.583658649537628,-0.9874414787780079,-1.9940651691666655,-1.9829278541867121,1,1,2
1.6015412771113091,-1.6623329942934355,-1.8682333559109199,-3.25273880365616,1,5,2
-0.007018239267163162,-0.9374554175555613,-1.2592637959698731,0.6160057081048738,1,5,2
0.014889491757985596,-0.8768940165355279,1.9497468868034664,1.4276046368912398,1,1,7
-2.631581246496797,-1.2243886842441505,-2.2347542025785563,-0.3814212078340057,0,5,3
0.8652437525218758,-1.8213880848207724,-1.4312869844366531,-1.3327525824589679,1,1,1
1.3074713412120287,-0.11585587609670256,-0.8715701241949634,-0.2926795989189167,1,4,7
-2.8327103625443053,-0.3219986125189964,-1.0676051049869337,-0.19696657403321605,0,3,8
0.6247795770001945,-0.6552805567092301,-2.4307194907577756,-2.232171767530317,1,1,6
1.6127264973255109,-1.617797427666419,-3.268922651042545,-3.0292411830066723,1,2,3
-2.809900591512975,-0.6078672967731072,-1.7405008156530073,-0.3117038419709952,0,1,4
1.6621670460965292,-1.0611410472976928,-2.38903747340156,-2.482448088833618,1,5,1
1.4467807422631198,-1.619458613612263,-1.0340784969686294,-3.1217741741981104,1,4,2
1.4268278241833237,-0.6901005980162247,-2.514678197333306,-1.1678786637950747,1,4,2
-0.6958114421112784,-0.9609716487788162,0.12448469192179923,-1.1691895554478324,0,1,4
1.1692646549903472,-1.3920645647939103,-1.7920344765378151,-1.5328382283615778,1,3,5
1.8630124997659376,-0.8342967945340931,-1.9531535041059271,-3.435773255747913,1,2,0
1.6043337486551315,-1.403816735148976,-1.1895183626389698,-2.7490277157425704,1,4,1
0.8678611755269945,-1.9353775637875295,-2.092864011241552,-1.6973470572120934,1,5,4
1.0560564753980954,-1.1609814768871896,0.44188464434340724,-1.8215380940109744,0,5,0
-1.5325338712140097,0.3408186422096784,-0.9299384713605982,-0.2955899919658539,0,3,5
-3.4399084244934475,-0.4071590513636587,-0.9572053247968161,-0.0894733612391645,0,4,2
1.0415952456857467,-2.4297856413758394,0.7689563034943803,-2.5967724980857607,1,1,0
-2.4979814095501727,-0.9744629979698074,-1.803422176585196,-0.5510324671188936,0,5,4
1.157744259225351,-2.2917175777910304,0.8737644482030786,-1.880678023536563,1,3,2
0.3475893887674154,-0.1516092714771945,0.09749640718969288,0.5885494007239631,1,4,3
1.2347718245378594,-0.3243841583450604,-0.9253308889428011,0.49541037523093,1,4,2
0.47248658756967754,-0.6927998350964787,-1.158473119069457,0.37398906620168604,1,4,4
0.33289910373526754,-1.1090314070493479,-0.9094171200686769,-0.7440987662751027,1,4,4
-3.2619432575515623,0.1841785785293344,-1.6558592355290866,0.18777494574705034,0,4,2
0.7704251024940814,-1.2741587431609167,-0.08049540733528582,-1.6525241923499325,0,5,7
1.2178200789071523,-0.8616825220662556,-0.5691183659053336,-0.8939346639247964,1,3,4
-2.341041674348079,-0.6986615923807385,-1.788238871843689,-0.38173247295198565,0,4,4
0.675415406969358,-0.48259816757677165,-1.5783506893450843,-0.6518017324994674,1,2,5
0.2608029652875332,-1.6706152237585337,0.7373980123000927,-0.36575368630636573,1,2,7
0.5408371168781929,-1.610950440949408,1.0686358222343064,0.5160426196607697,1,3,2
1.5826686561220509,-0.6983280716479656,-3.3191133585096417,-1.721558362373468,1,1,7
-1.7612427396491603,-0.8199053604963444,-1.2409093175410641,-0.7590709639573604,0,1,4
2.5665153503265454,-1.5950985847241048,0.5813409326849048,-2.3983340003069182,0,1,9
0.911936620020794,-0.8671976498754241,-1.491991052377762,-1.4391389162718107,1,2,3
0.6072289333576446,-1.571054076427839,-1.8060959809158432,-1.6170106050022022,0,1,4
-2.12612122875728,0.01439768959787191,-2.004754202813212,-0.13076175735771456,0,5,1
0.7853938812479658,-0.6670900330927533,-3.276495604534122,-3.303173074973499,1,4,0
-2.2565864985240665,-1.7443655742836564,-2.714864041577208,-0.7341473405812684,0,2,0
0.9996714520038918,-1.5812197668473909,1.0406301021125874,-0.8554876715665451,1,3,3
2.1188137575751096,-1.4137280032616477,-2.941133216626177,-2.4073977148945076,1,3,1
-1.0236828385413752,0.09522306676173731,-0.741333808292401,-0.5758576888651905,0,4,4
-4.0887330493690195,0.5397967101087593,-3.0819292960569213,0.7881476950303938,0,2,3
0.6677020866165944,-1.2991220860267365,-0.4401700115598073,0.5828965092426497,1,1,4
-1.4426536459318027,0.15027930703529946,-0.43859477912113853,-0.398672119613266,0,1,4
1.6151321046688785,-1.3918996876853806,-1.7002589176830871,-2.6436397623635854,1,5,7
0.5724438014385876,-0.3788675329448339,0.09349929646749411,0.15339062482877996,1,5,3
1.3463572244485222,-1.8945439047890646,-2.201930681879109,-2.7810600579839924,1,1,2
-2.780854884495106,-0.0035385068394598873,-2.6128494140024507,0.1667198790572353,0,3,4
-1.9504562472936413,-1.3556442978992198,-1.0964390991839572,-0.7633517799436651,0,3,0
2.5436740535588345,-1.3273968896289676,-0.3928266332300957,-2.324044988645456,0,5,3
-0.9130403937738071,-0.13440926008501275,-2.1765273314512106,-0.5256406909063314,0,4,1
0.21795888230222682,-0.7593644766915902,0.31177423410010907,-1.0878247051012322,1,1,2
-2.7181294444375723,-0.33308190943761173,-0.8725388827523011,-0.24696571461939987,0,5,8
0.653406123151317,-0.5674728004329466,-1.7031562506821465,0.10958995903917002,1,5,2
-1.4639409723598034,-0.754142960255287,-2.076553270891388,-0.6028454217158927,0,1,1
1.342843497411496,-0.607088663890416,-1.8028791274599176,-1.2334556270877846,1,1,3
0.15411630081101602,-1.3494228256750533,0.5565061877972388,-1.694897342341425,0,3,6
-1.8901398416452855,0.3287247876769992,-1.5461024621661663,-0.11678859731809443,0,4,2
0.9627324394183782,-1.684929760885589,-0.009825441207715002,-0.7504767110224704,1,4,5
-1.9123983818661086,0.05957533228422407,-1.45348141129821,-0.2587494663437694,0,1,1
-2.308194421164007,-0.4370405340764012,-2.879585350866895,-0.33225216875174346,0,2,4
0.4935152236308896,-1.2078520003125282,1.6663726407222135,0.4009278845590387,1,5,3
0.43867308688919593,-0.8543751714186711,-1.4489098353415277,-1.312288991481335,0,5,1
1.3989195205212015,-1.707214659786517,-1.8666965349378934,-3.5009008818301584,1,1,2
-2.7496655315993337,-1.375585754741854,-3.274812460117907,-0.44379740705144655,1,2,3
1.2800559677291177,-0.7896148779643648,0.32210846427241435,-0.5121502092026646,1,3,0
0.3686967170995683,-2.072445638849108,0.7834044181156044,-1.9696033735576102,0,1,1
-0.18552301339696897,-1.547897884465764,-0.4517028972426106,-1.5268119703924703,0,1,2
-0.9648479951279645,-1.1180058267304251,-0.8442649133549782,-1.0317290260954677,0,5,3
-0.0353733095729829,-1.5640907908533666,0.2900913702631984,-1.6917809644212372,0,1,4
1.1096992287007816,-1.360397461954238,-1.3631831442468003,-1.3441182070409858,1,1,2
-2.631291621754685,0.2234415008142394,-2.948260855105271,0.1671196695717201,0,1,4
1.1242863740109088,-0.4379482271180347,-1.1946012739085625,-0.9176659381004254,1,5,3
-1.9312268659429883,-1.1333391762123397,-1.0157386924484388,-0.8273996028480055,0,3,4
0.5820373909128391,-1.3323127708927882,-0.7922083081187892,-1.5767596812027251,0,3,3
0.7523974411506931,-0.36968823983040067,-1.5217893986382998,-0.7015362027616924,1,1,4
1.2367447344301827,-1.3322562448778021,-2.1210673001887033,-1.703499983746628,1,5,0
-0.8378736018222048,-0.8973789479104385,0.37666068598980673,-1.160860309742076,0,3,4
0.5653300609331242,-1.269875407626678,-2.555911318000414,-0.9238514542825405,1,3,5
0.23240579905638037,-1.3055202578876828,-1.2902765211759841,-1.4282844416292182,0,3,2
1.0584059522209435,-0.355754478110308,-0.8386543136081185,0.26033381144476286,1,5,7
1.0732231008791908,-0.1704353459444221,-0.5866937892101769,-0.17514649545196814,1,5,6
1.1172025630931954,-1.2791924233510166,-0.8632904358262766,-1.6229669788483676,1,1,2
2.7091505498402575,-1.8403459396207542,0.034562118731976454,-2.570698781606886,0,4,6
0.8143430793405895,-0.9301548918132309,-0.9434046770490987,-0.3228745025904022,1,3,5
0.4881948568441741,-1.8196538175904027,-2.548693773402867,-1.9953650600867534,1,4,4
-0.7828691364752296,-0.016648915632071604,-0.7595513367777821,-0.7862174170473528,0,5,3
1.6642947967899768,-0.3296865668076113,-2.128949907283583,-2.0653552283399694,1,5,3
1.2221014227346727,-1.4965576977549728,-0.7983738506747712,-1.834846266628205,1,5,2
0.659503695537802,-0.07433719883436418,0.9749524226374875,1.9885119276867318,1,4,2
-2.3466575006515624,-1.208221418761825,-1.1543497871025958,-0.5953926326036131,0,5,7
-2.1777004296686355,-0.2163288972655708,-1.3153271833765534,-0.31088131730797,0,1,7
1.305995846914951,-1.5505121187648008,-1.8765050244886319,-2.5363644025936245,1,5,4
0.8974286591863445,-1.0042586993973581,1.3489164267941125,-0.42405341997071555,1,2,3
0.7551889229078741,-1.1214631391803187,-0.12301373167666863,-0.9750638668810567,1,4,3
0.06994134385391537,-1.029688609803278,-0.26613475682412213,-1.39830539918138,0,2,6
1.031400418525857,-1.4167923372781241,-1.3183169952500857,-1.9032195919966064,1,5,5
-1.60951204297635,-0.6599961254589015,-1.3720272014473194,-0.6054108180688,0,1,2
1.2715837297628592,-1.1804868494261853,-3.3874127309141717,-3.6409255156400127,1,3,3
-0.6097614337670536,0.42805298557597404,-0.022499425426601105,-0.6267521342476969,0,5,6
-0.9059541900317153,-0.23349413178761602,-1.2949655661410384,-0.67814994559374,0,1,1
0.0862573712657081,-0.2771802792113158,-1.438782392014445,0.6497228625773261,1,4,2
0.6683732861674974,-1.221593389244352,0.9901672689399976,0.3310958964347561,1,2,1
-2.230189079153714,-0.41743148958846754,-1.2705748708438795,-0.3518671148149072,0,2,3
0.6402618613776552,-1.2850427885482396,1.2232345489082355,0.7566540079573192,1,2,4
1.0903929207806515,-2.339089104633107,1.0455779083313166,-2.0010045892621617,1,4,5
-0.2661892084358629,-1.3728439806162736,-0.492175485246687,-1.5000101439548745,0,1,3
-0.2635044268232397,-0.997057385521995,-0.1685160212554988,-1.279995312258476,0,4,2
0.9558712199875941,-0.24222358363102892,-1.6329951019700906,-0.0703405401731867,1,2,5
0.9578594415503052,-1.7194721949919063,-1.710573954178966,-1.8540031114759559,0,5,1
-3.3974411585161914,-1.6233215204450757,-1.14782009934825,-0.45600567700744776,0,3,3
0.7407909629354124,-2.9456212735391567,-0.9114020556351741,-2.3113233708440895,0,4,2
-0.23662902880415826,-1.0465416167315809,-0.9136512848084752,-1.187620386446064,0,4,2
0.26412538308400313,-1.4339564597959065,-0.08734079520814297,-1.5304989877951911,0,1,1
0.6349723758973367,-1.2000060849669498,1.7889823448095572,0.2693291286767412,1,1,1
1.7318301664885514,-0.68888390244346,-1.5350251475144296,-2.027030242769537,1,4,6
1.2991348270074976,-0.8959866347699256,-1.7781747133094163,-1.2006817878802547,1,2,3
0.3923856775195578,-1.2757843301360738,1.523883323190041,0.0387680196301865,1,3,1
-0.7247204044330219,-1.132045205132801,-1.07852065274882,-1.067455520087968,0,1,6
0.7469750806999165,-1.770482209465897,-0.37760897815488825,-0.510726794837959,1,2,3
0.9946705374389172,-1.2624207887213692,-0.17340313363059023,-0.5270205185731869,1,5,4
-0.5881613557903167,-0.22733214768742183,-0.038637172745873416,-0.9208021933868057,0,1,0
1.3459678313768535,-1.3845843909085243,0.027172538945061886,-1.6486482804329328,1,2,1
-3.3494343900030064,-0.5073352099849596,-1.0822516154748087,-0.21766687862838052,0,2,3
-1.1407869944487399,-0.13914875177938757,-0.9718398291007468,-0.5536933891501946,0,3,4
0.5882042161529819,-3.396588592346393,1.505115449362111,-2.397727052307009,1,3,2
-1.3328132994804114,-1.1049878732436786,-2.1454185977507514,-0.7222798646387687,0,5,1
1.0418525648534787,-0.7884606753764052,-0.9138136653593858,-0.367677605496338,1,2,2
-2.2709770390033173,0.9293992193768641,-2.3297233144898253,0.337930013914604,0,2,7
0.87311488171846,-1.380861928873439,0.7132573771315978,-0.7237271026086884,1,3,3
0.6200844646946944,-2.1052229896677215,-1.6670915647154543,-1.9060606936446887,0,1,1
1.4471782213662259,-0.29092115230555426,0.09877959321834395,-0.061016177313056974,1,1,2
2.0483417892533144,-1.2565452669444592,-2.190473950705316,-2.7499532381273077,1,4,1
2.481961175329046,-1.3296535479342335,-0.0024374912971455442,-2.349746657874739,0,3,4
1.3862114525968319,0.26862802570416333,-5.5655481069327255,-2.7104143911994165,1,4,3
1.1275897397415264,-1.406848832096042,-1.2371528530722498,-1.6190807773207752,1,3,3
-0.21987840273231363,-0.45741682983674836,-0.4868982971272833,-1.0481095750562106,0,5,3
-2.837923170709871,-0.5053793923608911,-1.2092210812479631,-0.22299214538786316,0,2,3
-1.5615557859801688,-1.7699139583704415,-2.301738868589081,-1.0361644140949051,0,5,4
0.16907512713317674,-1.884878473637655,0.23696595593276015,-1.80030098127978,0,3,0
0.6086074703082405,0.3598791334115852,-1.2350400062860778,-0.9823816646904551,0,2,2
-0.9224524979913239,-0.2440369794938161,-0.9785802493613251,-0.7687162153678302,0,1,3
-4.947865023348086,0.6051325832293133,-2.580594233603771,1.0533123352029095,0,1,5
-2.793881908221518,-0.14233037033688367,-1.3926890447299702,-0.20373328424492765,0,4,3
-1.0201375627531655,-1.6990919581532429,-1.7001550132385506,-1.125401145295906,0,3,5
1.2755219210564976,-1.9079506794178813,-3.0994327855338475,-4.334222816416251,1,3,5
1.0197380637668496,-0.5321741422654107,-2.292829956342656,-1.1125863172877675,1,1,3
0.5063755973546136,-0.683656271808631,0.5358233727334307,-1.509263905821973,0,5,2
1.105695632478296,0.32113666789696316,-0.5589979868024673,0.8714264078062481,1,2,2
0.8614316391507861,-1.278202649163371,0.19983484114962402,-1.2302270653765774,1,5,2
-0.9178482380132357,-0.7923919758146758,-1.4360923848970337,-0.8597505754154566,0,5,3
-1.5871091036252656,-0.2585086149784228,-1.1227327615395981,-0.5824392809989294,0,1,1
-3.0581161917600634,-0.1670597600818634,-3.450210834579229,0.1751086470477643,0,1,3
-2.3395874454883385,-1.019631276019923,-0.2749294127698798,-0.5047541817869485,0,1,1
0.6172303936454442,-0.40866843052717194,-0.7284799622285935,0.7638638502751638,1,4,0
0.8165142510787587,-1.1735501222229392,-0.9275193965656,-0.2650120129745379,1,5,5
-1.5981306967507098,-0.9508830300317715,-1.2859932524077875,-0.7833055814410421,0,3,2
0.6474247201947727,-1.3370637760838249,0.9238663126833631,0.9564142717108493,1,2,3
0.770580036791475,-0.36002000682454194,-0.9324397089973617,0.32198369337414,1,4,3
0.9972828129830792,-0.800676847750889,-0.45037730190060654,-0.2737968885619865,1,3,6
2.156729043337978,-2.772532932347789,-0.5410343590785853,-4.118430192777543,1,5,4
1.1434541675182763,-2.19505519866701,-0.7386042057701012,-2.558151133059614,1,1,5
1.3895979750885799,-0.5599543808980556,-2.0080871780289544,-2.7409210410898055,1,5,3
-0.21147704141638834,-1.8372364315538676,-1.4298210365440593,-1.509520480645981,0,2,2
1.0076784258769083,-0.08565414855228759,-3.4943692662151054,-1.4947577842013124,1,4,3
1.4963408804186804,-0.07266981491575364,-3.0516733533162563,-1.198520702570893,1,4,5
-0.6717874056807652,-0.8511322735965919,-0.8411670336052423,-0.9508416756925799,0,2,1
1.4848721020565736,-0.16964396554880468,-2.4685201210301493,-1.5545412996900239,1,3,2
1.1020733699044611,-2.0884639515588477,-1.1849839592826341,-3.0378867766172535,1,3,4
0.5389235812894606,-1.2556437790517474,-2.8261675153085726,-2.140816572621751,1,4,2
1.0386076055048883,-1.023266159467443,-2.050064534765892,-1.5499051572005542,1,4,3
-1.882094280075723,-0.1584346431699486,-1.5589899430829135,-0.37185102746017784,0,1,5
2.362015588582019,-2.32157648303307,1.3559469335810626,-2.702321415737186,0,3,3
0.592474453510244,-0.7710583611405387,-1.1079695756439731,-0.5107119161213148,1,2,1
3.2378626100194685,-1.7602127392804883,1.8584049430542615,-2.855605474106259,0,3,3
0.7256235931457435,-0.02628019740051557,-2.5972904260100185,0.3622213181850964,1,1,1
1.1019074713062773,-1.248957917010591,-0.7462096339770417,-1.2789462345169909,1,4,2
-1.4586883708137224,-0.7118028267274414,-1.3659406468881268,-0.7762574476229582,0,4,2
0.8071990782334345,-1.2992441076964816,-0.11635157792878659,-1.318737857036194,1,1,1
1.6985046173648897,-2.303456444467031,-1.5132768646921315,-2.200133881712146,1,2,1
-0.4426182461055199,-0.8399940079208386,-0.6208072312428072,-1.1555515212141847,0,4,2
1.030932996941077,-0.6501638275423081,-0.7304297815213783,-1.073645658144046,1,5,7
0.48936948285577897,-0.773311361057608,-1.4706566503422722,-0.8638450796783433,1,4,3
1.3351726581738443,-1.1076950618747488,-2.2879755160182116,-1.9540445924166192,1,5,3
0.8115356625199983,-1.5059112936703123,-1.6139660858210445,-1.2182665115067526,1,1,3
0.4482712689486872,-0.6024985732802131,-1.5413737498185256,-1.0899479025342638,1,1,4
-1.5909941498531293,-0.21156313532371795,-1.2571213971552448,-0.5096364146420904,0,4,1
1.3120141077233125,-1.2876749263820975,-0.4885197977394341,-1.350311104313365,1,3,4
0.6647595605899952,-0.14023645258978457,-0.17314505792063783,1.3180309020318686,1,5,2
0.45493104645559945,-0.6700161175577632,-0.5772486896486728,-0.030544175207108726,1,2,2
0.43225153987958065,-0.7450884268424338,0.18101714105648536,1.3623445278128847,1,4,0
0.7069837014010968,-1.0980169132423594,-2.1623067329991055,-0.5658164381270845,1,2,1
0.40899554425092544,-0.9045340487290217,0.6614145375415159,-1.5554971483465065,0,4,2
0.05825539456246975,-1.252839819543661,-0.573470964078906,-1.452102878282699,0,3,2
0.5105945547849646,-0.5924313648016193,-2.0646313439559365,-1.4618967413498984,1,3,5
-3.089706477297591,0.34622519032913956,-2.093418065588086,0.18996128715062288,0,3,4
0.6153328269309593,-1.9184846810345824,0.5650808202591626,-0.9574350056671302,1,3,2
0.9403122899711569,-0.47825637980917146,-0.504017681571088,-0.8194809172446194,1,1,2
2.262264885738337,-2.3918922635121174,0.2311229578122953,-2.7668339251262277,0,1,3
1.1464923994243668,-1.7274913308475117,-1.2263360949608906,-0.14629615322919953,1,5,5
-4.629412042622323,1.1850512750790303,-2.051958114251553,1.1958161773399358,0,2,1
-1.1226571766852176,-1.5899772914579997,0.8620348254827646,-1.491279142497805,0,4,2
0.6424420827087673,-0.586708762714208,-0.10690440731012374,1.1778714761038116,1,4,3
-3.8732495653154504,0.2970022564586905,-3.283530540835846,0.6339694432768956,0,1,0
-4.20569857991027,-0.24809549623958804,-2.2020657929298904,0.3362990947073241,0,4,2
0.4640786060444603,-0.8597551850820262,1.6014511234417257,2.06667235546782,1,1,5
-1.3478003421891178,0.23629032559688445,-2.009326668325179,-0.3163183815191103,0,5,2
0.9454979406415513,-1.18042592487658,-1.0635602560566924,-1.63980243824507,0,2,3
-0.6286986038026436,-0.7598489687057757,-1.1446871597462753,-1.0122659727564145,0,5,2
-2.945222199241388,-0.4718255239076832,-0.6303160920899332,-0.2053809329559304,0,3,0
-2.9570295861561213,-0.10758934756816907,-1.9696295039824026,0.1730069609607574,0,3,7
0.992766595661457,0.26683312046927177,-3.369951548174185,-0.3732699148006112,1,3,5
-1.1612739397188325,-0.928557403751324,-0.892326581176493,-0.97393227527874,0,5,0
-0.43689799091224035,-0.5636853900158576,-1.2154328400990684,-0.9577614609083174,0,4,3
-0.2668341654961308,-0.7733470170214651,-0.8855694924375297,-1.1608645171971412,0,2,8
0.6589751631294724,-1.9299727038634706,-1.2570039110551057,-1.9679033961183507,1,3,4
1.2991201962017676,-2.59940034519016,0.44804509706904505,-2.454531319048532,0,3,3
-3.6319113665058187,0.6432052534884638,-1.4967785701530358,0.5679970776726191,0,3,2
-1.5337090981143837,0.21628220592515102,-0.9844691801352807,-0.49271783683604675,0,2,4
0.6488432804328834,0.8025877352886941,-2.0941128857034057,0.7529486250504982,1,3,5
0.07380288092578602,-1.3190278158245121,-0.9855300642777156,-1.5085743084706076,0,2,3
-0.542457696119405,-1.4945337860594754,-1.0030200736518187,-1.3850871022343323,0,3,0
-3.9082406974512276,0.27987883199559116,-2.6803234910807596,0.4978491860241834,0,5,2
0.9777926257914473,-1.0772481481071876,-0.5304363965531855,-1.625301085927588,1,5,4
0.4556637722296002,-0.46068566875862216,0.24955337854532855,-1.3061009532592143,0,2,5
0.25749681926967416,0.0871893427625201,-3.4352944750804273,-1.4356734156126867,1,5,2
1.731651619909282,-2.20199934140983,-2.158178582796819,-4.073397414381495,1,2,3
0.7441931583826165,-0.8642972315802002,0.15674868081517435,-0.24744830660505923,0,5,1
0.5640588806385982,-1.0687974823390094,-1.2157195952289481,-1.074550787600753,1,5,4
-0.5252110443076142,-1.2587375537069412,-1.0086128390650015,-1.2572665064633823,0,2,5
0.10913450679091352,-2.830163982337491,-1.4489536122551878,-1.9575063816967417,0,4,2
-1.0026412141163226,-1.0096074517977094,-0.8214065856656629,-0.9696007617226132,0,5,4
-1.6460657476761913,0.06938261136332668,-1.6565382965543969,-0.3122273207864251,0,3,5
0.7999818514496506,-1.5577791132275465,-0.4442850995101997,-0.36745162857479075,1,4,2
0.5745675592407462,-0.9172640543824921,-1.874991398847231,0.02637390914210247,1,2,2
1.39192861934018,-1.4528051551878425,-0.9625896988600333,-1.81661616213602,0,4,6
0.7378999266468109,-1.5024914061340517,-0.29750429206957985,-0.593699122278931,1,1,0
3.3754951628983036,-2.218313082380804,0.2725746646710072,-2.959916476833226,0,1,3
1.2569393296463494,-1.6944872441524343,0.24159301097942953,-1.02966824609861,1,5,3
-2.5909208393153227,-0.6724450321475207,-2.375998252684444,-0.2272073741315237,0,5,4
-2.8357979171365315,0.09510505904528954,-1.637223719581628,-0.007060769137559153,0,3,10
0.7106954471447806,-0.41612487761831574,-2.33651719610437,-2.030514299982455,1,4,5
1.0666530097253817,-0.7276158222505129,-1.3457330539092438,-0.13755446779177205,1,1,4
0.1207819922116381,-0.69019127225421,-0.07090833802639296,0.48592721094231495,1,5,3
-2.6698707865036946,-0.6568715858990541,-1.505746777113263,-0.39937301768609845,0,4,1
0.9905534938817552,-0.4151997642382348,-3.0319340635274794,-1.863436155216037,1,5,2
-1.725458895297252,-0.606787737737942,-1.1227943830813942,-0.5276649672177666,0,5,4
0.9941908875004495,-0.9119460447730807,-1.4072486973481508,-1.5078477179542507,1,1,4
1.086675605414449,-1.4766876568034513,-3.6312722900508887,-2.6720162782102665,1,1,2
-2.010705822956384,-0.8705281952267876,-1.0860817289218412,-0.6587750743153895,0,5,1
1.4625068388588214,-1.3472041712478835,-1.1011351995427692,-0.8114581110682704,1,2,2
1.086746638508841,-1.0307068191892406,-2.10824032003615,-2.494706180350219,1,5,2
0.40686737826646546,-0.9859420325467079,0.18152744835823031,1.2685068989222392,1,5,1
-1.5153884191065583,-2.0756134627552534,-1.8032739617029283,-1.3119839958798065,0,3,3
0.29311379205780097,-1.0750570137681448,-1.7381170012997997,-3.049592870047095,1,3,1
0.8786663597175588,-1.4857978834754193,1.2609762212595395,-0.6210906703840174,1,3,1
-0.24824687521776756,-0.5399567738158336,-0.5292464023819172,-1.1371159174525627,0,2,4
-0.6013957928609341,-1.7699262111545158,-1.0621025306414635,-1.4721603374020995,0,2,4
0.8259448488604013,-0.9753437504127456,-2.8535022802190593,-2.2504632741202584,1,5,3
0.893173224876157,1.0478416130396253,-3.2739078935202297,-0.6099557565069619,1,3,2
1.1930890568225345,-0.8909623734792342,-0.2634757942234758,-1.330420970695568,1,2,4
-0.2802481527021077,-2.1075877690887834,0.7822905538118141,-1.8373274074385697,0,1,4
-0.18825647381073352,-1.4153356216422615,-0.3954332853606316,-1.412948277964709,0,5,5
1.270881413675587,-0.3841767153482011,-1.5768692637869173,-0.7653075444031375,1,4,4
-1.0430106239424277,-0.5306845477169553,-0.6576984197281673,-0.8591078927335453,0,5,1
-1.9692133862232992,-1.636661070059331,-2.0745755180794596,-0.828232067409895,0,4,2
0.11435842361095361,-1.4561216582997536,-1.4339930434742842,-1.4864286877505786,0,3,1
0.5946350063907453,-1.3579797006842265,-1.970431198669584,-0.7739837871278163,1,4,1
-2.9768776378952984,-0.8687005279934941,-1.173545585642758,-0.4031710267130717,0,3,4
0.9388071012527989,-1.3314852782624462,-2.159161220672093,-2.5854135822023983,1,1,2
0.14281835195369563,-1.56710196260943,0.26780213906829786,-1.6644270571016442,0,4,2
0.4214038647639826,-0.2521704456425088,-1.5926174249216674,-0.5868530283592535,1,5,3
-1.5263397310954625,-0.197600251611311,0.959128354603026,-0.712641399713162,0,3,0
0.21326182000820915,-0.9491971979408766,2.0730324379983673,1.3255966838862312,1,5,2
0.837776701692696,-2.0758250212948974,1.7883914818330378,-0.5424935626873038,1,2,1
0.5694541678355876,-0.8847371969853493,-0.4779677178063382,-0.5726775111855684,1,3,1
-1.3517774150747068,-0.0015096506077343363,-1.6971481917829228,-0.4765520941980178,0,4,6
-2.6708969626323418,0.07511577795647928,-1.4760681863390408,-0.03091228449699346,0,3,1
-2.0985744990926953,-2.4578336482159315,-1.1359709478649118,-1.2360571446452213,0,5,2
1.2975750661629561,-0.13682711060525876,-0.30962874610797797,-0.5476260239991524,1,1,5
1.2700454520308004,-0.7659305392771834,-1.0810271300004797,-0.3799809074747611,1,3,2
1.8140538374453492,-1.1377677220645923,-2.7472005204219068,-3.2077926319639656,1,4,0
1.0946426533076377,-0.6982948728300944,-0.9469724319737259,-1.5014084766681952,1,2,4
0.34891023951658295,-1.3656240490217972,-0.9500596726197166,-0.9953997844117325,1,1,5
1.543076150343388,-0.9535946968190753,-2.6568412259983227,-3.325584979307118,1,2,3
2.1272967711825475,-3.0338029575583394,0.19234055254228055,-2.993874009237085,0,3,6
-1.4176980816204607,-1.4553747323675281,-1.2379526849922338,-1.0436945959957824,0,5,1
1.8000581842992855,0.40973531318667966,-2.814590936888909,-0.13342065038719686,1,5,1
1.1848228693778922,-0.7947211655272834,-1.6124659920730395,-0.955829671740837,1,4,2
-1.5639866549050718,-1.3789461352333756,-2.4487187408986872,-0.8497436234414333,0,5,2
1.9821438152760953,-1.3364148583808715,-0.7406451453723061,-2.052955514119712,1,1,4
-0.707399037527505,-1.862046425712316,-0.5456834482497814,-1.4873558508620854,0,5,0
-2.563679705552241,-0.15681723206124687,-2.576698048834848,-0.10351881714934297,0,4,1
1.4961873487691177,-1.5723977365156379,-1.289796110450538,-2.013347614056239,1,3,4
1.2311161708946714,-1.3581840828697405,-0.5225060807504596,-0.4126200326056346,1,3,1
0.7440379799184484,-0.7794440932682298,-0.22401344773238574,0.5605673592048488,1,5,3
-1.7903716609057465,-0.432547862833637,-1.1219579261640882,-0.45436533746711283,0,2,4
1.1884844738681692,-0.9158354259610016,-1.2439349624339149,-0.052685897837369544,1,3,6
1.319212313454706,-2.046456791463488,0.960483509945969,-0.9233268941923388,1,5,2
1.104450464285889,-1.1492203387032256,-0.26734021345251435,0.6962745198679547,1,4,2
1.3345907393278602,-1.8926321012808534,-1.205282649507451,-1.6525696964488716,1,5,3
0.383790340487282,-1.300325896983932,0.3608736206884071,-1.7227120877408222,0,3,4
0.6570949897959173,-1.7829841660409849,-0.6787370257271457,-1.7744870283509298,0,4,3
1.2619186255603063,-1.6479306477639277,0.07646860170473424,-0.7526732257274862,1,5,3
1.4248422334408781,-0.5458465547819282,-4.078909651928225,-3.1101693430236583,1,1,3
-0.21380973322795827,-0.8926563646827019,-1.7036763280844656,-1.1880591881731748,0,4,2
-0.29735777310956824,-1.0190053828198036,-1.9090566479500217,-0.9347707954083362,0,1,5
0.4200022437009434,-1.318850246730657,-0.45782065951712847,-1.5770143302549957,0,2,2
4.163258415738916,-1.09141781435008,1.3481324388625464,-2.826797606881593,0,4,1
0.8864567404621666,-1.7085415278045177,0.2632333467844594,-1.80249427036425,1,1,3
0.4620971126371495,-0.7968386436171591,-0.7932141978698665,-0.8129481554585314,1,3,4
0.9998651918177208,-0.07507607714037645,-2.9297450658137,-0.09141148871409921,1,3,2
-2.9769002394255257,-0.002740071894157592,-2.3929752159946056,0.09137024684793649,0,2,2
-2.044443903811562,-1.7684386066900855,0.0007869452398616694,-1.1514208804049526,0,4,2
2.020094565588267,-0.41301096960056194,-1.4119715726144668,-1.2719247005541918,1,4,3
0.5957682110073172,-2.6802743202034756,-1.053272531283036,-2.0550097013920765,0,4,1
0.40352402211457106,-0.4172789822359111,0.3053559015849274,-1.3270131105874856,0,2,2
1.1138787503335383,-0.5435283105498179,-0.1789973316440796,0.26154360846123903,1,4,0
-3.0334075984528726,0.21246085827326744,-0.9718068928720044,0.051813661688751234,0,3,2
0.939887610026676,-2.314627843598818,0.6272297686372748,-1.2631610285814057,1,1,2
-2.490114329560411,-0.8962444393152449,-2.892620739563791,-0.2567650226724819,0,3,2
0.841754405069324,-0.47559125788858625,-2.3692161777637946,-0.6174669985876295,1,3,4
-3.4225011330165827,-0.06044325873831535,-2.404658561293636,0.26277894067461105,0,1,2
0.22638541610832275,-0.17492276141073593,0.21661217651026154,1.5297563886485461,1,3,3
-2.317891896044176,-0.6895224013756331,-0.44362470172475643,-0.5757691340448581,0,2,2
-0.10500199979796587,-1.0501280455844424,-0.2586967696812347,1.1411147506420445,1,1,5
-0.03577539117661843,-1.829755618576298,-1.3352792772090343,-1.6387322280551326,0,3,0
-1.520068900940747,-1.387346287848583,-1.989566889585493,-0.8877650399617207,0,5,4
-1.0323260116093806,-1.171092982325913,-2.325431117297577,-0.8192496003916976,0,3,2
-1.3239161490008604,-0.7890470770211624,-0.8672624531354792,-0.8987483542231952,0,2,6
1.0076750757147197,-1.3359361452293756,0.8953325905113492,-2.001114286779986,0,4,2
-1.9207644087639744,-0.5175406469801757,-0.7953735420597025,-0.5064559600669589,0,3,2
1.1353689760336798,-1.634336399890217,-1.4112238438183569,-1.478317821061527,1,4,1
0.6877436928267927,-0.6786193882388781,-0.3097483131601304,-0.1066367209025838,1,5,1
-0.4761754095614613,-1.210683363584517,-0.2984153465420336,-1.3749507789685644,0,3,2
-2.782685413908225,-0.057111044385396936,-1.050737630084621,-0.1657072923317734,0,1,1
-0.3942643507478374,-1.330552157627444,-0.18205219140464812,-1.3577292877444553,0,4,5
-3.6066946227408714,-1.0511465475737785,-3.091108459940236,-0.20055486016252044,0,5,3
-0.8558461667947614,-1.3869515660636873,-0.4960151743530542,-1.2329535632226383,0,1,2
-1.9261446231082469,-0.22052761450511027,-1.4697779243592135,-0.2694624112650943,0,1,3
2.0845216012149455,-1.7428458896698604,-1.1706673764976985,-2.2122294924061277,0,1,2
0.2613397243107387,-1.9111309167044177,-0.5585998503872229,-1.7578441764996822,0,1,2
-0.8206272839193953,-1.135958870998404,-0.920722029165906,-1.1390224239873272,0,3,1
0.9217390995758892,-1.7462213247533254,0.28711298318780276,-2.032936526177494,0,3,7
-0.7688754387666277,0.719434738320313,-1.1474591792886661,-0.30306373547045284,0,3,2
0.7499579483285124,-0.10861360382557195,-1.636976272340757,-0.989221945368472,1,5,4
0.5320220202001695,-0.8362929164099812,-1.8772240177756325,-0.6030477346218354,1,5,6
1.5101374326075245,-2.290426663347839,-0.7687359000903861,-3.151097978304282,1,5,3
0.16603982154331132,-0.621006223123681,0.37419737498783046,0.09391767766492043,1,2,1
0.7895815269263606,0.1328074961983563,-0.4790897672925344,0.8634194718712782,1,5,2
-1.2185771510213483,-0.706879111212973,-1.27539000058592,-0.7187193988222844,0,3,1
0.6587965987768272,-1.9969079343673266,-0.015668182050571633,-1.9190222963703585,0,3,0
0.5620466143165451,0.25272204007187216,-1.4064056647544239,1.491951968681751,1,2,1
-1.2256448913198816,-0.09300553525637423,-0.4810755845122795,-0.5657527517419628,0,2,4
0.7108069809488029,-0.21158780895113682,0.527943570494837,-1.388774986180525,0,5,4
1.0807220144737968,-1.2546183728023683,-0.6025882988405808,-0.2882005632735687,1,4,6
-1.058581328489367,-1.3710415763424262,-1.464256496408955,-1.0929790449835477,0,2,1
0.6101895325976121,-0.08893721063816484,-2.463112716647867,-0.64910540631093,1,1,5
-3.0884840335351282,0.8294338849293652,-1.7730167520878748,0.4650857914644775,0,3,7
-0.7476948049581803,-1.7274022233924167,-0.615024895439499,-1.3758958821736156,0,1,2
-0.7594253310017328,0.10848397357241124,-2.056678097412263,-0.6138958090216945,0,3,2
1.4338594606924777,-0.875991895637819,-1.0203185631689156,-1.0701939406327627,1,3,1
0.04544658239966137,-0.04955095229813622,-1.1234711188681012,0.1757261855560428,1,2,3
1.9547389895598304,-1.889250497936048,-0.3841133347679353,-2.2355305131885688,0,2,4
1.1653696609414725,-2.8608637847832226,0.033159385284174725,-2.035878196565061,1,1,3
0.9365027639051517,-1.186230609842664,-1.238498759756698,-0.6878646252867083,1,3,2
1.0856494655363276,-1.3700020113621125,0.04614390058647455,-0.37095944962335503,1,1,2
1.1614911913951562,0.40410506104476984,-2.4187278185556442,0.5355841915398378,1,4,2
-2.712040489884228,-0.6995500736063034,-2.262556610016312,-0.1798868996439752,0,1,4
1.0397262209066158,-1.4335684430963407,1.3824571894477984,0.10911340791869506,1,5,6
-1.416010892949924,-0.06239495598337119,-1.518744377684894,-0.39582376027174315,0,1,1
1.3731054981735513,-0.1885684192308712,-2.015397350989523,-1.8159758197065925,1,5,5
-2.366250695163644,-0.43971472219706,-1.8843220248857142,-0.29848535860271963,0,5,0
0.34564193636573015,-1.2829869153596964,0.506517872742966,0.3516765300548863,1,5,4
1.2896429367649198,-0.5701061812501809,-1.0286655088142986,-1.4388770251956842,1,4,4
-2.3500205923422945,-1.0475172867445173,-2.8074398369079088,-0.5089818446523436,0,1,5
0.8901668669493726,-0.06998317957630062,-0.7310321293644384,1.2084371768159228,1,1,1
0.9217915874864075,-0.28404033416875507,0.278754996224591,-1.344955426237154,0,4,5
-3.430055696140972,-0.11139853211641326,-2.6058210493018343,0.217687293799816,0,3,2
0.21384447062940248,0.10578932252992757,-0.5570902250121463,0.8616740024676173,1,2,2
-2.771152780970482,-1.5824569627936944,-0.5086170388053464,-0.661490366724873,0,1,6
1.1863944137839368,-0.5470936481309434,-2.439194032977355,-2.161357414103515,1,2,1
0.743847306792434,-0.7914696429784815,2.715915624795277,1.975195881332176,1,4,3
-1.3337440237104388,-1.4125115778614539,-1.4628885118454384,-1.0603453277418078,0,3,5
-2.72845465692082,-1.001933513147021,-0.7620330836377138,-0.4204764860205987,0,3,3
1.490257999056887,-0.4948813301670928,-2.2791228609165017,-1.5588541624684997,1,3,0
1.0933036616383898,0.2528873297043266,-3.255425220494959,-1.3781734427908008,1,4,4
1.0367044345232614,-0.8914414928421532,-0.3335603606500638,-1.101750153003842,1,5,2
1.513352988597808,-0.8577793400673493,-2.2674714962663916,-3.345064208183249,1,5,1
0.7498324966455756,-2.4089448745045106,1.1939041700807063,-2.3146524866987557,0,2,6
0.6116365854392254,-1.8689647135622571,0.6287566776621294,1.0404554426700714,1,5,5
-1.7080425312511016,0.25156882535082814,-2.0152596719466995,-0.27645306818482895,0,5,4
-0.7493835012541006,-0.3302475116000825,1.0559948105312156,-0.9564703373667706,0,3,1
-1.705038260191508,0.3200750447972187,-0.6629036498317287,-0.2517107614451548,0,3,2
0.9164739358943457,-1.096952487744345,0.13865865349832762,-0.26198839361979576,1,2,2
1.24269043214671,-3.1091961262947603,0.8137322142739774,-2.5794617720119195,0,1,2
-0.5070964777705262,-3.0874218300613347,0.318590030462526,-2.1568239792295385,0,2,2
0.36247113774497397,-0.07062849010308903,1.0484936606789388,1.8802084368294172,1,2,0
1.7705375037406348,-0.677786091905212,-2.904504504385588,-2.2152818463648005,1,4,8
0.984636189606123,-2.4492424533406343,-1.4845454522279322,-2.0540447694962616,1,4,4
1.4761716282482822,-0.3324205619564955,-2.951999520136436,-1.4632204975952334,1,2,2
0.8383116982315844,-0.7785819782295897,1.1659870794836604,0.05542655031658672,1,2,3
0.8630537145081416,-1.3334481698999865,0.4873169378018041,0.19623607905950013,1,2,4
1.1441186961676078,-1.4008873054677666,-0.8669648652477218,-1.7161730376138196,1,5,3
1.0680245085205926,0.16751587405196067,-2.012451061344032,-1.4578889971577436,1,4,5
1.1569850890945845,0.2953621715146637,-3.340894878006589,-1.3532813683063651,1,2,6
0.9221872944802378,-0.17613067064904853,-2.1799591240256477,0.16856326094028007,1,3,9
-0.5146972649036679,-1.1540169648513054,-1.0259844428613885,-1.20761564699746,0,3,4
-1.3543969968273557,-2.2642916860644826,0.0813179285482768,-1.5039779746055264,0,5,5
0.6254795342945935,-0.7972614331834506,-2.793729535479724,-0.6494736981132065,1,5,3
-1.220274546672789,-0.8950568076893327,-1.032804960115567,-0.9935406169658308,0,1,2
0.6687208173042247,-1.3109919210110008,0.8072902109091178,-1.8335467210202812,0,1,1
-0.728767292361272,-0.9558366965693585,-1.4034680386700435,-1.0699832161811293,0,1,3
0.522658557673267,-1.3415438744285118,2.0077537146922473,2.356955075428753,1,5,2
0.46840109200201185,-0.6555933610161098,0.21801740118350632,-1.5218160966318077,0,5,3
1.5612201709863998,-1.4136728109193424,0.009639660503865999,-1.55455975067513,1,5,3
0.03104343994629155,-1.040495283815995,-0.5825544512223546,-1.4215532535107358,0,3,4
-2.6915761028243983,-0.08435089548646779,-1.6719902226552474,-0.0283950297785569,0,5,1
1.7005234873611856,-1.4732747068751382,-1.5666952641749925,-3.131994221777364,1,3,4
0.7289272271164925,-1.0848368341227035,-0.18319516133287583,-0.689212353975772,1,1,2
1.0683190753484921,-1.5958180093365166,-0.4979025428916475,-0.1548825245475829,1,1,3
0.6776298261220978,-1.4065724943352493,-0.6024016406057818,-2.002807541844276,1,1,2
0.9398327078701171,-1.2974013786058678,-1.9731146902063146,-1.8297256248876743,1,2,2
0.9249732221563552,-2.113592019780093,0.3822320701418429,-1.7197367530464187,1,2,4
1.2247472310642618,-1.5056630621247518,-3.388845049173411,-4.02948189670572,1,4,4
-1.0395617810384474,-0.12707144366382883,-1.5455267244311395,-0.5517948032046189,0,4,7
0.6748372362229141,-0.36981024888700686,-1.1395944516574112,-1.1796602733231591,1,4,0
-0.6760739148990462,-2.343989650553752,-1.2394349699702965,-1.6498595176713544,0,2,2
1.013994651757318,-1.185699692601506,-1.6165424223190206,-1.2963953863086137,1,2,1
-1.4590063729593892,-0.6933693923911441,-1.5949546524020817,-0.6820137448650074,0,4,5
0.506298760048816,-0.5635350525161344,-0.8774115020044546,1.3682248328253208,1,4,2
1.326836748983081,-0.5236768136231572,-3.058293670778827,-2.2415127874630447,1,5,0
-1.0369241504128834,-1.4680622737210944,-1.0329252501974946,-1.235624749987867,0,4,1
-0.2912557580613583,-1.0612628435276832,0.15245370668437164,-1.212109825154589,0,5,4
1.3541118643016439,-1.3378742343635506,0.11729337209315882,-0.7575938195604376,1,3,6
-0.1865775993608343,-0.9905498739780928,-1.1060881206630442,-1.1823844494507645,0,2,1
0.9776356741510914,-0.2703288002398372,-1.4118051111180128,-0.6401882272595876,1,4,2
1.092249262227523,-2.025064228025045,2.9880874055737774,0.13517396671677595,1,2,4
-4.065119942644948,-0.11558497365448794,-2.8495374193599683,0.47818592355105904,0,2,5
1.039226286710142,-1.1333161326998313,-0.817285538321638,0.2728185638862839,1,2,2
0.5328851416730052,-1.0690758934140305,-1.24473894006473,-1.4633398903189643,0,3,3
0.7049596705813028,-1.0273463846633757,-1.0150982622437068,0.42339757831962954,1,1,4
-1.8144964979674805,-1.0182879934395284,-1.9061815001514857,-0.6547446202147,0,4,4
0.46135598798885025,-1.4662529359660361,0.351123793431533,0.2254263404506851,1,1,2
-0.2174778907427679,-0.5940076777257375,-1.9656059069294924,-1.1201726041825628,0,1,6
-3.3488790489674063,-0.6808166021346345,-0.8818461496452176,-0.05560936575047226,0,1,3
0.8363710149991609,-0.9281587712805398,-1.7624094192185056,-0.41819252112977556,1,2,1
1.252538044038493,-1.9319712120890598,-1.3768959403872771,-2.601002855259029,1,5,4
1.066838776692507,0.05330017755886218,-3.06407656036687,-1.5454039679048386,1,2,1
1.4449250452539473,-1.513398238420415,-0.38276364782504935,-2.208251860735788,1,2,4
2.276312184805951,-2.1446551047951217,-0.2905336820968647,-2.386510194208578,0,1,2
-0.9932939319197731,-1.1266590848338125,-0.7635194654849946,-0.9700927980233677,0,2,2
1.0692488095232588,-1.230711846686155,-0.9319878035981467,-1.567018197494912,1,1,2
1.0327949638970444,-1.8422644389526783,-0.04892440877974846,-2.0592832210757788,0,5,3
-0.7095120982758657,-0.3230943463454655,-0.2678781692838281,-0.8084286329605256,0,4,6
0.8493652954510902,-2.2571518292259807,-1.4287238473002946,-3.3126975667792817,1,1,2
0.6452141416524626,-1.1387687827293622,-0.28300294253831104,0.14809721830085776,1,5,4
0.8877340403243917,-1.2736499271862094,0.6936462077466976,0.7386047307260635,1,4,1
0.805379504961342,-0.9899469815415831,-1.5994211960701348,-1.0727991093783888,1,3,0
-2.276254735490427,-0.4553322542281314,-0.6356125404164363,-0.5695347751733122,0,1,1
-1.5904943169201602,0.480035901853082,-0.981342641318133,-0.2448540227222218,0,1,3
-2.822660795829863,-0.43102739623156316,-1.445589357312624,-0.19616028356625304,0,3,3
0.6359938417943763,-1.3915652663304783,-1.5633141629967238,-1.4435027727531142,1,3,3
1.1943264049425413,-0.21556884392195874,-2.3146497407244,-1.3836417764508424,1,1,4
0.7306146419898005,-2.079447807127175,-1.4384432982224702,-1.879987769055603,0,3,4
1.349629642299456,-1.6794209374336948,0.3576027338681338,-2.062805828709612,0,2,3
1.232114719707181,0.1168305998390986,-2.1092071839736066,-1.5856823404540332,1,4,4
0.843308395321699,-0.5860856765083495,1.1541202691041965,0.3211582956171437,1,4,3
-2.6359229467055583,-0.7816357050944318,-1.4341888532900544,-0.34609230947605263,0,4,5
0.24692349682869474,-1.3301779980674722,0.9260252576237302,0.023140277338209003,1,2,4
1.5107186193343887,-0.7775160623642419,-2.502475627665345,-2.0068334933926724,1,3,1
0.9001864304997849,-0.543749990801745,-0.6176763159478931,1.2064402016618008,1,5,1
-2.4896342663511044,-0.21982812445587652,-1.8549843223225784,-0.09297311708555522,0,3,1
-1.3849717310938543,-1.748734394842904,-0.9581971126926536,-1.0869392840806498,0,1,2
0.6601600886530694,-1.34358439017554,-2.4755512089629486,-1.4470345884318088,1,4,2
-3.7662520353267137,-0.08055144004918391,-1.4890990665506578,0.3072218274298941,0,3,4
0.14145519866495349,-1.0566448588745696,-0.22684941107753243,-1.4623215953947923,0,5,2
0.9492903456065067,-2.0489910809185146,-1.1034665413161977,-0.41735703239475375,1,1,3
0.664526805500472,-0.9859455707384669,-1.945992442424878,-1.954725695624306,1,2,4
0.9647464163115806,-1.5486379819486125,0.27190063926637387,-1.2950908731066328,1,2,4
1.6238502523703313,-2.4523936360783907,-0.4698158408491415,-2.7588528523866485,1,5,4
-2.4651723954490574,-1.222440338575143,-1.6429817806257436,-0.5807927897540082,0,1,5
1.2395065963670608,-1.1848861945286167,-0.6668176841994482,-2.22286899799702,1,4,3
1.3908401845256988,-2.9464173486478447,1.6673906659213813,-1.0440895897144529,1,3,6
-2.978937339692965,-0.1515609569430556,-1.1832801241827489,0.06212139628366953,0,1,2
-0.5654545843515256,-1.804560992140991,-0.31385552024703345,-1.5751531150061886,0,2,4
-1.7983215963398171,-0.16150558754245514,-1.4132933946722341,-0.38456871373977763,0,5,3
-0.37175081461149173,-1.6887317576606071,-0.22637098273100398,-1.5902457456921382,0,5,2
1.2592128662541469,-0.5613506893472477,-3.4008652616862807,-1.7098391749704427,1,3,5
-3.9878576314784473,-0.8746491768237756,-3.7318527730102167,0.1158105965544376,0,5,2
0.5482538768784841,0.007771073898145353,-1.3700697608309103,0.2521777964705674,1,5,1
-2.824660300713022,-0.4424163143973253,-2.0920852387512587,-0.11826099328112694,0,1,2
1.42077377457325,-1.5242800991121892,0.8664044299925102,-1.3411091472927676,1,4,2
1.1973020295626204,-1.0798308005975705,-0.06648787129705191,-0.9687718434548737,1,3,6
1.0868271423982092,-1.1877966996451539,0.1407720871226621,-1.870936450935298,0,1,2
1.6194699563607187,-1.903950109662861,-0.15682579718316803,-2.1926860229613316,0,4,3
0.6741571342868182,-0.8176612364717872,-0.8805593385509272,0.6456052933055569,1,1,3
0.6462306459252467,-1.0319874847178567,1.1965700203323317,0.7997055785271034,1,1,4
1.3960015852510517,-1.3473026032286184,1.784148875647591,-0.2668484721253842,1,5,2
1.5629318884286867,-0.6537163814650131,-1.5038542967186928,-1.3986227702915337,1,4,2
-0.5236090364101837,-0.7783042858568725,-0.36549199123058285,-1.0680420856944393,0,3,3
1.3795983491319954,-0.8781510631647934,-1.7250681684371536,-0.367312800088322,1,3,4
-0.37126447903960713,-1.8778530452142501,0.15206198309642294,-1.6850600558901967,0,4,5
0.4247647612580975,-0.398097724389335,1.5680658608807163,0.8777234951027559,1,5,6
1.6258364416789357,-1.8004929735217026,-1.1058469254045964,-2.673270459205569,1,2,0
1.2545034301205518,-1.4880434990244704,-0.7339083421014199,-2.4550027642025367,1,1,3
1.2055222819009304,-2.7039731006968983,-0.5498408974367496,-2.161393916048757,1,5,2
1.0281831471374214,-0.15111785926831645,-2.603264121234428,-2.2146033760507016,1,4,5
-3.9089461342278375,-0.2653829530657733,-2.8939202458497304,0.23076452595025976,0,1,4
1.4010005359421953,-1.8914156841687761,0.7462687584018883,-2.290158471191775,0,3,1
0.504911229723185,-0.2546466690747653,-0.5505702655655167,0.668446362427507,1,2,1
0.796995024896147,-1.995903569670688,-0.4069336805370499,-1.9544611716603235,0,3,2
0.39099274403903017,-1.2043465732502014,-1.9574023348921532,-1.3711399587538002,0,4,2
1.5889807025659193,-1.4039633159547789,-2.576290280977987,-2.631791705776643,1,1,2
-0.7040858605086358,-0.8351599385251137,-0.7110835537417542,-0.927784886112524,0,4,3
0.6907076803582763,-0.11393425276102753,1.801500259080861,2.16038835307216,1,1,0
-0.24407133824178207,-0.0403299795977462,-0.5241363737184328,-0.9843595120724338,0,5,0
0.4169669902026052,-0.538481000086914,-0.26800017601919235,-1.2364121440954456,0,2,3
0.7270203943164311,0.4043585788390691,-3.3867398738531884,-0.19200088702317242,1,5,2
0.9060704978502809,-0.27643673406097535,-3.157335650043989,-1.4309963891788366,1,5,5
2.1104756733096304,-1.8849782143913498,-1.8770964339527674,-4.0187483059491305,1,4,4
0.8722111458511803,-0.7172376158792195,-1.966063742809667,-1.9441154211624438,1,2,1
-0.6438113043348945,-1.5884589962694775,-0.7449563935493393,-1.2505584223095243,0,1,4
-0.9169260406273269,0.815098957906047,-1.0904903861416315,-0.31541298074271185,0,1,6
0.9566775407746333,-2.033662036160708,-1.1248731372086287,-2.0359556940976664,0,3,2
1.497996761339048,-0.9973287781156128,-1.6790042106869285,-3.3271683585787937,1,1,1
-3.835453095333611,-0.5421130291243816,-3.6314575915329366,0.2705633477654239,0,4,4
1.0136636662049798,-0.06075184820334867,-2.060500830667813,-1.0354135308454768,1,5,6
0.14012186853700026,-0.36070064851854156,0.08435373970534799,-1.192499879851097,1,5,2
0.1402938234827128,-0.2313827792277544,-2.147971600883493,-0.3974543800927962,1,5,5
1.6245287112670384,-1.9425318219310546,-2.337115706892966,-3.3391626940236385,1,2,2
-0.27740619565687563,-0.9204411145860236,-0.11541607069589177,-1.321689679176995,0,1,1
-3.0983097916907933,0.666775606792765,-2.6528518651823143,0.40755454113476675,1,4,1
0.909619505805882,-0.7099153804600871,-1.6510775135494613,-1.1084453668785668,1,2,1
0.6356036815862911,-0.4628900518840764,-1.6751127652103979,-0.9427840403845579,1,3,1
-0.8721314743271106,-1.5777080787477753,-1.3272869643240268,-1.1797172841788959,0,4,2
1.2266413252159718,-0.6544218247819742,-0.037577085590928094,0.09753470407257914,1,4,2
-2.678341195262548,-1.8419426100175822,-0.9833964839041649,-0.8342980891817973,0,4,1
0.8425375288384366,-1.3759724843714425,1.881319820344955,0.212063523957283,1,5,1
-0.15496573634695332,-0.6581495624152944,-0.4415645952772219,-1.1233672336102467,0,4,3
-2.0435485722728863,-1.4896996152095345,-1.9955522309235092,-0.8970455664719528,0,1,3
0.7792541060319319,-1.424051132691546,-1.337752715787543,-1.1579885932204566,1,4,1
1.2045178605529865,-0.7874871973012503,-1.961186777285075,-2.6359516347865197,1,5,3
-2.0596265192376233,0.16821320665979167,-0.8055578440758284,-0.34677707340240893,0,4,4
-2.959170901071492,-0.45075112170178666,-1.7192612763455344,-0.169782707094978,0,3,3
1.1750410242804812,-1.6091148814527265,-0.14422155740451714,-1.6252904407104518,1,3,3
1.176938287709571,-2.4185290105439066,-0.6269792193932537,-2.336357487282997,0,5,5
-0.7275468465636721,-1.4389448106496487,-1.0466046751157625,-1.3155723659086775,0,1,2
-0.4361237105158139,-1.057570540313806,-0.822980597160833,-1.1809787329927686,0,1,1
-1.7110829395455518,-1.0073175851105638,-0.7095947279072667,-0.7306758596493304,0,2,1
0.7484957803826122,-1.1745935443692694,0.721142956985124,-0.1433240271460967,1,5,3
0.34244435908432924,-0.7935064432560418,-0.1868723746452321,0.587466970251741,1,4,2
0.6354970099648449,-0.6467520914276794,-0.35590257903767286,-0.3947369473838934,1,5,6
-1.697295776119309,-0.11391767807066833,0.07963876789667368,-0.5739282794309786,0,2,0
1.4174052910289627,-1.274293794251576,-3.213016901747436,-2.4958359739894105,1,5,3
0.7347688474365334,-1.355828858794688,-0.043020178969969125,0.29821918789143576,1,5,4
0.9991063746345458,-1.2828568891094791,0.47849043561301596,-1.7903301153473459,1,2,5
0.7903319435274745,-0.7468867017738879,-1.9132348616813672,-0.07626349736215787,1,1,1
0.9360868629942544,-0.9284048681291093,-1.2690613643423394,-1.4919550351211321,1,4,2
1.5182637200804279,-0.5577587601957934,-2.851170650165284,-2.504807792221709,1,2,2
-0.6533204649425867,-0.9922934980942623,-0.5921216425442153,-1.208137590101154,0,3,2
-2.4859949081575237,-0.7137489600311098,-1.4807539219816988,-0.4465119470933575,0,1,4
-0.19044445700845902,-0.817599316583622,0.24782453841687357,-1.316054222103531,0,3,3
0.5402416999749702,-2.0358613770629024,-3.2060005796574167,-2.8004996349493556,1,1,2
-1.6960337884198475,-0.4728266261055185,-2.592064632050171,-0.4174252583094099,0,4,1
1.117557707503418,-1.004337233636895,-1.6498674276784615,-0.7418650039204686,1,4,2
1.1953799795226716,-0.24703723499015384,-2.7253488383004107,-1.4827768941963726,1,5,4
-0.559212380952284,-0.49848038649730675,-0.751964076316473,-0.9706193958524605,0,3,3
2.7418110795409105,-1.3162105417978165,0.726379127566724,-2.428683555616467,0,1,4
-0.35039842071952076,-0.6372066827025548,0.07552684149012423,-1.158882064128368,0,4,2
1.3251352060817723,-0.574471574207798,-1.5992302319970308,-1.5388011651171645,1,2,3
0.8212747026953345,-0.7824462827843274,1.594490893996226,0.9582490184320935,1,4,0
-0.7075953418284631,-1.6572738985484206,-0.6076326253330762,-1.4102490851723006,0,2,3
1.9926724242936322,0.35911652834274954,-3.029134757346395,-1.3287200668890902,1,1,3
0.8837932044614863,-0.9385496736777553,-0.40608941210547855,-0.4517764363685107,1,4,3
0.8611219377169466,-0.9241151118414909,-0.3854550596842218,-1.1198350600504614,1,4,1
1.0707501966861914,-1.07750534274688,-1.9211512135722808,-1.0364396120786303,1,1,3
0.2319285430983049,-1.2978194759996449,0.36341722231580476,0.4326512065590491,1,4,1
-0.5360594221814676,-0.40315524720200335,-0.05853235734835183,-0.9286325496104479,0,2,4
-0.7126854276685276,-1.0210564758740197,-0.9502810692863072,-1.125234184232984,0,4,0
1.038357779939676,-1.069962661758495,-0.537956553047489,-1.358052288646485,1,3,4
-2.122322519881961,0.16657794582664853,-1.382365508448298,-0.26741036881228,0,5,3
-2.16358858561186,-0.8195394830330357,-2.4936587304136064,-0.5169223994955571,0,2,2
1.286935641644312,-0.6096675306065135,-3.0052955345154095,-2.279325616168598,1,3,2
0.9688213510592767,-0.38647606254598166,-1.4249129665934095,-1.1164917531228518,1,1,4
0.10296629460269169,-1.16098060198497,-0.9537361630222605,-1.351782408476867,0,2,3
1.0371335184687822,-0.8475898413543885,0.2664205747890922,0.23062277133998488,1,5,3
1.0272351355567986,0.25394823565453173,-0.38385258928082344,0.2987930328551136,1,5,3
0.08119361447183104,-0.2982395814702653,-1.249629258382144,-1.0299902642977898,0,1,7
-1.5304197013761827,-0.06795588999465274,-1.1613013981862923,-0.50617241020915,0,1,6
1.156051756802075,-1.3913021123747482,-0.5622611988860091,-1.478220239521871,1,2,2
-0.27644353093260443,-1.4578969938619513,-1.1891284449681412,-1.394839472913555,0,4,0
-0.3117105153995544,-2.0768002104146,-0.43642580639963324,-1.7482403179397434,0,1,3
0.4823489600706319,-1.649973027132164,-1.0640062611769954,-1.7066705449041137,0,4,4
3.567540236282581,-1.5591352026555882,-0.4180889948861859,-2.5551500501807887,0,3,1
1.1724887174583207,-1.3921399848309368,-2.0613218686583332,-1.7462392888428497,1,5,1
1.5966339974125576,-0.7994011211015895,-0.03039399802689624,-0.8596667308679512,1,4,6
-1.8067508531529075,-1.3152190084125368,-0.9001246755696732,-0.9722209628483306,1,5,8
1.173514917123323,0.2897112104714761,-1.3592122009973524,-2.179265912443004,1,4,1
-2.851301192429406,-0.914194345245898,-1.6949038518190869,-0.25835670888547,0,3,2
0.5303044791603182,-2.103932963957111,-1.1136846119443433,-1.9313042801222964,0,1,4
0.5550701963630766,-2.4472119951234212,1.1491832630815684,-2.183441255310453,0,3,4
-1.7145993967888906,-0.1250648968285959,0.05488739489983452,-0.5397156455369062,0,1,4
1.504494870951985,-0.8436542708587677,-3.3182282606068902,-2.9977788989133654,1,1,2
0.5930180421729323,-1.7713420605436188,-0.7735753210326081,-1.9679199638791935,0,5,5
-0.24621398936547068,-0.5511259228876795,-0.40467566882267236,-1.2101232260921275,0,3,5
-1.0196490758135475,-0.5469909165584032,-1.234194108991061,-0.7259174603261555,0,4,2
1.375108587354236,-2.081141064226558,-1.6254132477565513,-2.3585422686762376,1,3,2
-0.8793545425339266,-1.1397429891863053,-1.436969056820911,-1.136903944424545,0,5,6
0.8953553296088367,-0.6845451423756079,-2.4414304224441414,-1.3533312978680403,1,1,7
-0.09812806875366109,-0.619793520086414,-0.1721018448984789,-1.1191037572089797,0,5,2
-0.26242666640196743,-2.131283516035173,-0.7608509655585723,-1.7302875070996389,0,2,3
-1.2227894988868746,-1.4083997296218371,-1.542552785229664,-1.0509139657128794,0,2,2
1.349648032201074,-0.48062772324223124,-4.632604394642518,-2.903903900744356,1,4,6
-0.07887234694521472,-1.4234910770654787,-0.401659442599161,-1.6305378461469227,0,5,1
1.0250778441196127,-0.0023792476467839885,-1.7040977712622247,-0.7139742368461046,1,4,4
1.7203127728710101,-0.7191448130173526,-1.4398641155099163,-2.4668462798459654,1,4,1
-0.5819245850126792,-1.27970891143087,-0.7945784708907112,-1.2603574186716608,0,2,1
3.186353689324462,-2.1799405395829354,1.3629471990277313,-3.0124614869996447,0,4,3
-2.5202705104519576,-0.19760623319917603,-1.3353162077113359,-0.21896421752453588,0,2,4
0.8125575326647964,-0.06097335703757678,-0.8608867907479099,0.689214261746526,1,1,5
3.08326278265704,-1.818274365033136,1.480414878684655,-2.710603257302603,0,5,2
-1.6069582623027612,-0.2235260243610553,-0.7265010568913908,-0.5377261977996766,0,4,4
-0.3462848396189545,-1.8046765458930025,-1.7372246208496536,-1.4817860950764485,0,2,3
1.030071891435406,0.18334968930752682,-1.3428256120346718,-0.2625179850468553,1,3,3
0.6056392908586761,-1.1072098270304023,-1.6917277085239975,-1.39539907693125,0,4,1
-0.13960179873191625,-1.0928484939233114,-2.307581311102534,-1.0804907480265598,0,1,4
-3.356790274466379,0.46026486419347945,-4.001144617457419,0.6032952028194563,0,1,1
0.5847782410445003,-0.656211675253839,-2.807092355630151,-1.344919695330557,1,3,4
-1.649515682974017,-0.4865003779616982,-0.6391304608517665,-0.6568839092779245,0,2,1
-3.808300134978446,1.0633914796335935,-3.3259469106765613,0.801673658744352,0,4,1
-0.39174903888556367,-1.6084437198420187,-1.070899990812547,-1.3261452264340017,0,2,2
1.0081909617056337,-1.3880988373415137,1.0137839066896501,-1.9738553728636794,0,1,0
-0.6867831383809482,-1.2716684395854756,-1.1155488316400377,-1.1467290460900832,0,2,1
1.9247661186494605,-1.7497809366860166,0.4856204532924038,-1.775022360376842,1,1,2
1.9773569410056218,-0.2643919246107136,-2.42596988140006,-1.006372939595277,1,2,2
0.5665979405036295,-1.2164564332535308,-1.431439805668043,-0.492434170599527,1,3,0
1.7044109853994307,-1.4044173068104842,0.7525834766576258,0.025109684391653397,1,5,3
0.034548828260239306,-1.5676727451167227,0.13552960547357085,-1.6827217289247203,0,3,3
1.560942925781109,-1.5872415173528815,-1.663909947476141,-1.5187478736661713,1,3,3
0.8290242159745638,-1.038901773725285,-0.8491414908742236,-0.648396765031165,1,5,1
-2.1754700965961282,-1.2388337972816732,-1.3905593722798417,-0.7796899944888719,0,5,1
-0.1767487236362536,-2.1674718447953927,0.7989767472983544,-1.8032870369908869,0,4,6
-3.811380137125565,-0.7651254852766571,-3.046418237882413,0.07417598316692198,0,4,0
0.763414137280393,-2.0057487433880965,-0.6011022873888412,-1.5598198607718445,1,3,2
0.934697260867023,-1.4761545441905317,0.25550051890997305,-2.0135523909424906,0,3,4
-1.5055463623120193,-1.2442945474758418,-0.8448734389015684,-0.9623858488279032,0,1,5
1.0704883556328288,-1.3653436497361433,-1.006972031813243,-1.2796142937983142,1,1,3
-1.229829555213164,0.14015749781421083,-1.603794619270646,-0.3106547341688456,0,4,2
-2.197240202214541,-0.12626337753371986,-1.9631274101697749,-0.18418802578770677,0,4,2
0.45649395539148496,0.3079517585693463,-0.8673992474201416,-0.8128814500206134,1,1,4
-0.40795460680370654,-0.9576729486125699,-0.5182637490836566,-1.1757274584711268,0,1,4
1.1520737816279862,0.07089878205373967,-2.8059874102948634,0.10623591021973144,1,2,1
3.050355710356002,-2.257301515188386,0.571710959662747,-2.820262373537669,0,2,5
-5.196632626984742,-0.05540773163015811,-3.798967927858797,0.9957103953569058,0,1,1
-1.399808025173087,-0.6933703182917489,-1.4821977683583172,-0.6633747454361278,0,2,4
1.0269779510518795,-0.838105215964773,-0.33727999868971736,0.3815766020440565,1,5,2
-2.4163094632387376,0.36366361472104103,-0.6315896342075406,-0.15519109238979656,0,4,5
0.5183317262176024,-1.6636040135471994,-0.09247193733601466,-1.0920480823116094,1,4,2
0.5883106246603179,-0.21747600876403983,-1.0706397295961176,1.126874860682833,1,1,6
0.11871383727156393,-0.9396640316953989,-0.24480523269191024,0.49193363072279594,1,3,2
1.129060181143619,-0.3553483544268301,-2.415590087036891,-1.3874432409866033,1,1,1
2.244133044127099,-2.9841758436812293,1.6560599408536971,-2.9443993690042776,0,2,3
-4.002816559101471,-0.06082520052896634,-1.521993094985963,0.3100595585561572,0,3,4
0.24931970040411044,-1.0953709831302618,-0.053152767117799926,0.5315626887394358,1,2,3
-3.1980617754013054,0.0006969393950222447,-2.852265516995536,0.2905665208968651,0,5,5
-1.678300858599789,-0.14352959396783183,0.03884026812806751,-0.5630388861751217,0,2,4
1.513922922368589,-1.7682740224791238,-2.5515136495831667,-4.088048670286385,1,5,3
-1.2935927575339723,-0.35609618046656044,-1.6144715294688554,-0.6949389083389038,0,5,1
-2.8537831454089284,-0.7105872898526173,-2.513492590757507,-0.20728875513732392,0,2,3
0.9167939619328007,-0.5958749646629726,-1.0310891657817325,-1.0171864942429598,1,2,1
-2.5271955144904226,-1.1619871545656844,-1.7048413829626492,-0.4995785566523785,0,5,1
1.1785867424366203,-1.6539640929238113,0.6397019898730048,-0.5999887978950437,1,3,4
0.6482017710326331,-1.207732774257386,0.28714882896801397,-1.6694075259868986,0,5,3
0.49729074388114614,-1.4495720639991327,-2.32816930085567,-0.5715654631611577,1,4,3
-1.089900843835394,-0.563581944700186,-1.8315447244298007,-0.7580369439952441,0,5,2
-1.3620873249560854,-0.09181973874915239,-1.498579060867129,-0.4630781735940924,0,3,6
1.6930309268945751,-1.7439450928389018,-4.0215352261891635,-5.038749247953753,1,4,3
0.447091651910304,-1.489727556677352,0.21458677632282286,-0.48813381971880887,1,1,1
-1.5366964601285764,-0.9606883954582452,-2.161037669844514,-0.7489438194041105,0,1,4
-1.395197701371518,-0.7985429268919801,-0.8140359179548453,-0.8317717761129098,0,3,0
0.396240547156653,-0.28506506058922565,-1.7203965373863184,0.5214728947765872,1,5,5
0.6621060436674717,-0.7763293133809726,0.6163854682738776,1.413289892995723,1,2,5
-0.526289923673406,-1.6036625460106009,-2.1400567575685105,-1.2757946507500693,0,3,1
0.8886620051766693,-0.7918447747237873,-1.5965084732094978,-1.33528978124796,1,4,1
1.0959384982511822,-0.8985171915177008,-2.343270638669008,-1.947988489853575,1,4,2
-1.4880785556447829,-0.8619491547938812,-1.7978932549450497,-0.784676959662744,0,1,4
1.048537735909734,-0.4844237320682546,-1.460276824687417,-1.2285562952093179,1,4,3
1.3564173450160624,-0.3308937804540272,-0.9967450070920352,-1.327511555043359,1,3,4
-0.5241071084303739,-0.7641094180038241,-1.0829010942910466,-0.9472712996013471,0,4,4
1.0351573822517715,-0.6323658045497949,0.6008019687531079,-1.696734199301353,0,3,3
1.3829876701340795,-1.779058691607203,-1.6283644764112761,-3.4837679886838657,1,2,1
-1.707903915172572,-1.1571508585035466,-2.2575455052628444,-0.7312292412324033,0,1,3
-3.0173895175294874,-0.8915432316562887,-2.4726010254516058,-0.2295900595041359,0,4,2
0.07292902142935564,-1.957299633938649,-1.2145354485042943,-1.7300986424056428,0,3,3
-1.7504318205367806,-0.9101547182669841,-1.264931390440529,-0.7243504175812133,0,5,4
1.2840768613733093,-0.18165225377892302,-1.4771683751131972,-1.2452370226963394,1,1,4
0.5130980781104599,-2.0019477045839422,2.423049501748138,-0.25446492005835875,1,2,4
0.8044028174682948,-0.5001439615589763,-1.5544870699763735,-1.5277115390362215,1,3,0
-1.6963723758786342,-0.46085089581786876,-1.8807893741101105,-0.5188341102030164,0,2,0
0.40887735661761226,-1.1733441860981955,-1.7372561279033922,-1.3891991036427367,0,2,7
1.345885631655803,-1.3992435740209226,-2.0712476233177184,-2.4461613771248,1,4,3
-1.4578745255445122,-1.2919763593441143,-2.365929101794192,-0.778629596802821,0,4,4
-2.0422149869517847,-1.2543157600926098,-2.9362530790357058,-0.5755679946864201,0,3,4
-0.7409362057382582,-2.090719456054135,-1.5004888603930375,-1.401573806926962,0,5,3
-1.2960363470968874,-0.2709784880874937,-2.1511989981085398,-0.4146957832022484,0,3,5
1.7059850831634402,-0.7448205489037092,-2.858723604686199,-2.6879200456056136,1,5,1
0.6266916291727824,-1.6088459070804895,-1.075549086766366,-0.0046113271934018485,1,2,4
-1.4790849296982302,-1.5719208596119878,-0.43227688389455454,-1.0745187152994984,0,1,1
-0.4735337986282919,-2.866808132218179,-0.24797583106273224,-2.0485802965031557,0,3,4
-0.732133349971017,-0.37759880399537216,-2.3530740961267695,-0.7107916965370107,0,3,4
-0.3833844392249802,-1.0330859644266925,-0.6830592138115146,-1.246386326430528,0,5,1
0.5370859125824454,-1.9511172500281513,-0.5484113342228563,-0.4394969621164484,1,2,2
1.61133568228251,-0.5707556498745703,-2.8768180312443636,-1.6279802940111643,1,2,3
0.5426669127755521,-0.34682405904517055,-0.7483039348301912,-0.3462763065154927,1,5,2
1.1650873468896599,-1.405054698310943,-0.23318244277110034,-1.908992727224763,0,2,4
-1.6000589628976885,-1.0076191539530306,-0.9591172016278324,-0.8208285480640293,0,4,2
-1.0478282160116756,-0.33098986462016244,-0.3637920659734506,-0.7308137632842702,0,1,8
-2.4909597850920395,-1.1084417960231565,-2.3859969372486782,-0.42109611786603973,0,3,4
4.2296553705139965,-2.51221011891706,0.1479773545600509,-3.314678979610767,0,1,4
-0.3049886712903409,-0.5909124807083548,-1.621640398799121,-1.020186459501289,0,3,1
1.593027003648078,-1.4449737893556693,-2.57744549560389,-4.826655699018495,1,4,3
-2.702075536121562,-1.1787433776209657,-1.5374375865173637,-0.5774706659703944,0,2,3
0.8967230908304268,-1.2861914288605318,-3.100416975329857,-2.690416547093033,1,5,3
0.4827086244575153,-1.4207816579233572,0.04961073984601949,-0.7767189500923373,1,4,7
0.05197535862116265,-1.3064369228934263,-0.9791220418019222,-1.4472997879173466,0,1,3
-1.5739180439078824,-1.0614093319431663,-1.2142948543310466,-0.7558365423012405,0,5,2
0.507645768127015,-0.6149684703002103,-0.731282859862699,0.0065126346703929805,1,2,1
0.5860633271390303,-0.5118574869459847,-2.158212818225786,-0.9813793316865467,1,4,3
-2.4757626699610995,-1.5565954634246788,-1.674375116469879,-0.7852977649726752,0,5,3
0.8684371392789835,-0.2685373599523986,-1.84159318306291,0.3780676752698806,1,4,0
-4.899603959949565,1.1793344712015683,-2.759467999467401,1.2101380379467614,0,4,3
0.6610297168998354,-1.0513419294973052,0.3462884496217171,0.3338231466524064,1,2,5
-0.17150343546155356,-0.9901647952385594,0.6563052140491263,-1.3277478363319974,0,3,4
-1.244211477486524,-1.146610586710139,-1.3065849452315095,-1.0203163087526896,0,5,4
1.3020229600528006,-0.4228461765649931,-0.4945125872815672,-0.5245806072218622,1,2,5
-0.6381774257395579,-0.03104985510540048,-0.49548957216236345,-0.6864380353617732,0,4,2
1.2747551900812812,-1.333613731376972,-0.6584530179827086,-2.034578294037865,1,2,3
1.285894887305697,-1.6702881852492037,-0.826118740431782,-2.5524735835739323,1,3,3
1.4592877272350218,-2.3968911223272142,0.311612647515908,-2.1293291847944054,1,5,4
0.4801449224717489,-0.9492491971242673,-0.4580399400709547,-1.5602790363988874,0,3,1
-2.5550331568327005,-0.5160536012274588,-1.4062625313478732,-0.18475227284030948,0,1,2
0.1929199413218612,0.47120130778931735,0.5186961343991761,3.4744060871883615,1,5,3
1.1941424893294101,-1.4695537502995712,-0.21365788105013173,-1.8500797177539288,0,3,2
1.115404217620031,-1.7804850391334037,-1.81477269755382,-2.3859668415570576,1,4,3
-0.9845895315531803,-0.9972710547064451,-0.6381181079904319,-1.0150891031389686,0,5,5
1.0384944303555679,-0.6052874419804035,-1.4207817074021831,-0.5163408974888659,1,5,1
1.4514051202142764,-0.9748775893473413,-1.8776795931355907,-1.7169992477700666,1,2,1
-0.5966774449140682,-1.3185856897934056,-0.07094858453643527,-1.2637510705218427,0,4,1
0.6540802863687798,-0.0663400696784926,-1.3448345313502412,-0.25909792580054447,1,1,1
-1.6658435455258487,-1.9957525253858437,-1.9915212629913368,-1.085091290912069,0,3,1
-2.31821248700259,-0.5640913629722352,-0.3311847949965204,-0.5110527088159884,0,2,1
-2.314731160381715,-1.047042881669513,-0.8907424927719857,-0.5828988730975305,0,3,3
0.4623866639725771,-1.1770472444966842,-1.629911063800657,-1.9627985453574128,1,1,2
-0.14828598594213915,-1.7699538512502309,-1.3528536073247002,-1.5010817958272806,0,1,5
1.0995245200199784,-1.847719725720085,-1.9171239906037525,-2.39270729280239,1,5,5
-4.5504681686388055,-1.112395524341817,-2.41976508376392,0.16756885773945296,0,1,2
-2.3078916872811743,0.31386410083802363,-1.4915382318864214,-0.06916737400991357,0,3,2
-1.0603280982171424,-0.928990938531959,-0.6976408073839847,-1.0138416876410494,0,4,4
0.013831808871765605,-0.09788695914022616,-1.7052698932593515,-0.021176761787251364,1,4,0
-0.7047559139547883,-1.4094281806856448,0.7089444857198193,-1.3879870092883182,0,5,2
-1.355893315201107,0.12226934480032137,-0.5427904329252801,-0.4906635619062738,0,3,3
1.1294696761473144,-1.051979081603747,0.06060846340974746,-1.847092618751208,0,3,3
-0.577401302899736,-0.22900784181669953,-0.3789515318239417,-0.9000347383812537,0,1,3
-0.047555171339471514,-0.5996737122198033,-0.8656279899100505,-1.1116856655600913,0,3,1
-1.9774444363289672,-0.03790953030970046,-1.0459929813931743,-0.25644289509994156,0,2,3
-3.084567423353038,0.5941603465614689,0.6546556219832742,0.11179894746193741,0,1,1
0.2626381509777088,-1.1008956282712217,-0.732572265334583,-0.6310858472625551,1,2,2
-0.3873211460756394,-0.9416252511397597,-0.857380303614759,-1.142677025424192,0,5,2
1.8092793861276593,-1.6890674996104726,-0.5985077073682681,-2.16034426973804,0,4,1
-3.88656896328792,-0.5953273308144393,-1.9925516476031224,0.12893956681393193,1,5,6
0.6377998497100513,-1.806888616841428,-1.0708315819669914,-2.1730674741653893,1,4,2
0.8832591302601539,-1.3848237914678299,1.1426178361203516,0.16764309660411403,1,5,7
0.8518261660398161,-0.6297785757464691,-0.6028704402195071,0.7353074668998394,1,3,8
1.074944612409834,-1.2029402379622431,0.8179177211774298,1.3658692028990864,1,2,2
1.5905988792206969,-2.211007365466658,-1.226215220223506,-2.06536906498212,1,4,2
0.6176884647417415,-0.3144657003595469,-4.0278728744789625,-1.929098268386862,1,1,6
-0.48705447834356164,-0.7976972109693888,-1.1083217359903312,-1.0012776379177526,0,2,3
-0.5491469744066375,-2.3550562128558137,-0.7446431784237553,-1.5767944605900248,0,1,1
1.1047987838339617,0.060173357223715085,-1.248841761686069,-0.08966505647125778,1,2,3
0.3624600516787855,-1.1084133293787763,-0.4781400090026411,-1.5463981781735612,0,2,0
1.3043010123401562,-0.6845406682192208,-1.5787888473714227,-1.4602893926280767,1,5,6
0.7287834100590016,-2.4754266527817452,-1.1283232567783246,-2.1745272744151745,0,4,2
1.5355138960696313,-0.519248989894441,-1.206950043411935,-1.4635158140157265,1,4,1
1.838987132271221,-1.4585845949962923,-0.25954234209885607,-2.070078043141311,0,2,3
0.36307683380058997,-0.5295874678260091,0.2906388459240452,0.3100373866419186,1,3,3
1.152334820589124,-1.0564220775067357,-1.9241169494760668,-1.6103534236609132,1,3,5
-3.517315558200986,0.2341364041828815,-3.338986047579811,0.5339892647247308,0,1,1
0.8246760395953203,-0.8257203678199423,-1.9523543085184483,-0.7394122748680152,1,1,2
0.4620815147220956,-0.5363245713146056,1.909586969838462,0.9663889698628343,1,5,3
-3.111067961205037,-0.3094241929081345,-2.018723192930792,0.010878551671150039,0,2,6
0.45705048912107404,-0.8558676960344497,-0.10670002199029782,1.000718388643758,1,1,2
1.5684099037854642,-1.9946851126904894,-0.11405124848748993,-2.267269707971887,0,1,3
-1.0802129615172285,-0.4263841734512007,-1.5064274665525366,-0.8663809181440545,0,2,4
1.223453858856499,-0.7726595999062807,-2.1938761793048682,-2.44830995027587,1,5,5
1.5521871412438366,-0.9951137450564522,-0.5479311675194307,-1.3768286981038014,1,1,1
0.9224835120437266,-1.2116409879059389,-1.2179943237647095,-0.641229764931418,1,5,4
-2.0736012910630928,-0.849062609641981,-0.6282698815220843,-0.7225410853276328,1,4,4
-1.0591475578313458,-1.1241673430948078,-1.9097148524978875,-1.0249378546064685,0,5,1
0.9965113567742113,-1.0389684519830331,-0.770741708748734,-1.82446679294733,1,3,6
1.0991833476832817,-0.1944980672684553,-3.550870554261601,-2.3647715990578537,1,3,5
0.8276914024879531,-0.7667546824122609,-3.095007651479283,-1.0333867963963501,1,5,5
-1.4395822668277187,-1.6919778942465218,-0.24516672057351074,-1.270301624401587,0,3,6
0.7755139618448562,-1.0931390428311223,-2.6765089553668573,-1.5991571037982069,1,4,3
2.148949554573394,-2.948937227202976,0.26822515994326523,-2.8898686187528035,0,2,1
1.5582099988691782,-0.5650648333006499,-1.2626954264116332,-1.5188101129887597,1,3,1
-2.700750554413272,-0.35439928121731235,-2.111046295806135,-0.13341767961286355,0,3,6
0.5773083253534435,-0.9200512530200602,-1.0175999970203677,0.14290542428260267,1,5,2
0.8188444630138113,-1.2980335480175238,-0.6003265807022964,-1.1242828483034246,1,4,4
1.610642057307416,0.07491951234024952,-4.789575140265117,-2.8718811687603836,1,2,3
1.0693640713685824,-1.0499866795741541,0.7628886062416187,-1.759304327886408,0,5,7
-0.06575901812819873,-1.1052936184254085,0.36265065570583754,-1.3450213959908515,0,5,2
1.4709276836058311,-1.4305485301665863,-0.9764718425537028,-1.9190319687159008,0,4,4
0.8856168483615934,-1.3331884950347268,-0.9039346446542643,-1.3559317492621838,1,2,0
1.448081260822263,-0.5842054407478392,-0.7422385437724253,-1.654060479596736,0,4,1
-2.11237885864721,-0.5761612796073717,-2.0537565551701906,-0.3507010244394344,0,2,2
0.4254072721948261,-1.108563545532918,0.9689812516722647,-1.6825575563337556,0,4,7
-0.4058291988607199,-1.2400120623248614,-1.1184341386569676,-1.2946593506838269,0,5,5
1.1447211062965228,-0.9111260440056523,-0.43518919185299443,-0.6208112164813706,1,5,3
-1.8273057829358357,-1.2155618360118905,-1.6500992404191965,-0.8481161414780847,0,1,7
-1.7467692275956255,-0.9884113834916282,-0.8722513313862036,-0.7381073787572736,0,3,2
1.3504680630889891,-2.3230288435830015,0.40093555454317764,-2.0823573160465805,1,4,3
1.6113768700619473,0.06235201365277021,-3.7283833020403017,-3.3781973839180597,1,1,1
1.6050602477830647,-0.5588748065744366,-1.420013289397284,-0.26947597420773395,1,3,3
-2.753662789189415,-0.12223971416734314,-1.1145844745035451,-0.17052986258844716,0,4,3
-1.756746271425882,-1.1981147964703902,-1.5281153306541688,-0.7481323740292168,0,2,4
1.2006941062089729,-1.4286414142964046,-1.7943501816109086,-1.8772668679670341,1,3,3
0.7466267224241856,-0.9450301333833713,-0.8760143604752435,-0.27220681033261274,1,5,4
0.32834170457281453,-0.5471329849700481,-0.3994925700029224,-1.2431770211434918,0,1,2
-1.7029115925271716,-0.7331339608726415,-2.4380608718795753,-0.5952185071496083,0,3,4
1.5990796839248576,-1.1923042685802532,-3.2547384187999633,-4.18711835783502,1,3,6
1.4808328873143781,-2.123560952869357,-1.555221711443603,-2.8269129510253856,1,5,3
-0.6485076309837836,-1.9669795669273182,1.269828501824004,-1.6538025735623294,0,4,4
0.576222133442201,-0.9399689508334408,0.021803923442660578,1.4721484247440033,1,2,1
1.5053965709962913,-1.8694712622932947,-0.29599326631856504,-2.6416700853076307,1,5,6
0.8933924731264127,-1.1738681638877573,0.06935801552009768,-0.7073070528595127,1,2,4
0.04795584435341249,-1.9990245059671046,0.035877408793389964,-1.8032525172021345,0,4,2
-3.295347978294173,0.13541812222252547,-1.93118125718772,0.2125072790930913,0,3,0
0.23736979812411774,-1.1965644319302413,0.27209537762997105,0.7403340785808814,1,2,2
1.5783398977578793,-1.1211760297714524,-3.112870152366602,-3.858473292133152,1,1,4
1.2354223425181359,-1.4754331706706372,0.45226935349509567,0.013861589398908247,1,1,3
0.8417610428943659,-1.2724589409396383,-1.3526152421510393,-1.5624787513073577,1,5,4
0.21970764633721984,-0.9145353617863492,-1.523651347944151,-1.240812734075629,0,4,4
-0.08512166316109626,-0.4526065137888353,-0.27966349111074373,1.293430459048818,1,5,6
0.6410302811384856,0.46500692622508066,-0.8074944893549127,1.487263240266362,1,5,3
0.16105080651963988,-1.4705944556666832,0.08663896360429879,-0.10151197574971738,1,5,2
1.9200578024241102,-1.1904799862472568,0.280758517394073,-2.0960670616362336,0,1,5
-2.620621718845657,-0.7451350674059544,-1.5467235919501225,-0.360013395378429,0,1,5
-0.35059644272091584,-1.46118238986078,-0.512466805777706,-1.4466458103274362,0,5,4
1.7681733687078725,-1.3448615897450247,-2.808109304364426,-4.503516596778219,1,1,2
1.021402140664194,-1.3668382492400593,-3.017403998077727,-2.434567653519286,1,4,1
0.8832582591666822,-2.1128871906499453,-1.9797077308567348,-2.6081443118978838,1,5,5
0.24721390962679646,-1.0842276365938743,0.4901171478086499,-1.551633317258031,0,1,6
-0.1387417291051526,-0.6102037184851522,-0.8896667847832965,-1.1791306237858215,0,2,1
-0.14565912960752947,-1.7728970247420741,-0.8053901779874982,-1.6912462584577512,0,5,6
-2.6640628680453666,-0.647300014171738,-0.71148617947531,-0.32734041043712025,0,5,3
1.7286441654711955,-1.2029778385764816,-3.5571176281050394,-2.3246288384616713,1,4,4
-0.4371116708632933,-2.081638828542576,-0.6413207294706668,-1.624103264006525,0,3,3
1.4396588569531108,-2.250148800596922,0.5179144161986378,-2.3626075154135604,0,3,3
0.7231751157709345,-0.8366467302353618,-3.0974076941669013,-1.560048390149309,1,4,4
-0.9422518678899411,-0.9690472501856845,0.6179187165100817,-1.1827000132643706,0,4,1
-2.9601427715275648,-0.40975165518995305,-1.9100980978896884,-0.037593074448251884,0,4,5
0.8202440950655226,0.0758900061821639,-0.9004254147200217,0.38333569268621726,1,3,2
-2.29676692506348,0.14917563514207832,-1.1037479960278604,-0.18089383741346576,0,4,4
-0.6382399885350967,-1.101700878612501,-0.2354312482337131,-1.117096075447634,0,1,5
3.280410577855651,-0.7157056553155884,0.5012862713364286,-2.3234101847837554,0,5,3
0.9126945613456887,-1.010692745345338,-0.6653294516033366,-0.7192620908264548,1,5,3
-0.18413147203391456,-0.22923497195389686,-1.2895501917277667,-0.9339638910966439,0,2,4
0.45175776312655413,0.09565979505128142,0.2027737770457283,1.1427545351689603,1,2,2
-0.32421076916877933,0.05001538240918113,-1.206136362657287,-0.741696750492319,0,5,4
0.14412602209358005,-0.10543973854909405,-1.7758543708655168,-0.9128817353165795,0,1,0
-1.024107777296232,-2.1897802070922707,-0.6231640255054229,-1.47062382323607,0,3,0
-1.8279886205450016,0.04332510233689302,-1.9521512806657828,-0.20080449325707728,0,3,4
0.8047213534144441,-0.8901450183725379,-2.247013522375509,-1.0260382604320943,1,1,2
0.9374483746041947,-1.324632522546683,1.5294350277084732,0.6303002037545062,1,3,2
1.3545498837450856,-0.2964069065834032,-1.6726163910897187,-0.38405006775395967,1,4,1
-3.8699982186251476,-0.46688139758420855,-1.0570858594328998,0.09431581910469533,0,5,2
0.44445164233595846,-1.9401825668549435,-0.30398956694658585,-0.5709594164531507,1,5,5
1.2799191213995291,-1.092121393411884,-1.1047396839150387,-2.7717171979169466,1,1,2
0.4500183584162991,-2.816361943187135,-0.011333283827893004,-2.2597436335098795,0,3,3
-0.24840959127569084,-1.9963407159648947,-0.7511175070913563,-1.6406013088018843,0,2,0
1.3765360296434803,-1.8017469887408808,-2.0267441088859037,-2.8985322081556997,1,2,2
0.6309406995276163,-1.5663911921956024,-2.1392367696380656,0.2717422150604847,1,3,3
-2.9472500384018123,-0.3185971514121687,-2.7178520104467196,-0.04176613970856535,0,2,4
1.1299617331271603,-0.893687076124757,-0.5864783384732601,-1.458208169260816,1,1,6
1.3628986749302698,-1.3698723429114734,-2.5806962522368093,-2.949989499981527,1,1,4
-2.9333174218501803,-1.2045343466200367,-1.8640086185284708,-0.34847416749030014,0,3,3
-0.32218375845538283,0.2515627323617813,-0.5007805356358974,-0.727151123102588,0,2,2
-1.6294299556580851,-1.1289599158793837,-1.5776644476478028,-0.7871411966124984,0,1,5
0.6203314242268188,-1.8854344249402235,-0.9542592384798894,-1.8347018813511164,0,1,3
-0.7070311803033638,-1.1039644392768735,-2.0877310546573247,-0.9704518828457142,0,4,3
1.6614877620963804,-1.6953600226995404,-0.06494143414748732,-2.823109655418628,1,4,2
0.47028151155081854,-0.923882843720289,-0.1479272580226647,-1.4323456416890048,0,1,3
0.42222737964825163,-0.976900234745309,-0.40780931294210065,1.5684565249488585,1,3,6
0.7623838779521057,-0.26130492796591787,-2.047391633189287,-0.768799148609121,1,5,1
1.1295263081258795,0.5084308980650794,-3.916496070935503,-1.6840916961739125,1,5,2
1.363363812760197,-0.5297492801411492,-1.2131731503639467,-0.9079174967596771,1,1,2
1.7584366282157295,-0.855290798980706,-2.9694449312192104,-2.8552126919733674,1,1,2
0.45434462018040955,-1.838418550096705,1.8786492300053679,0.6158814914415254,1,1,7
-2.553213136470322,-0.45809080839951677,-0.7781646434318181,-0.3127755385692973,0,3,1
0.9664302686346071,-0.1411293484437457,-1.050164151815647,0.6361733223764143,1,4,3
-2.1025982411448196,-0.5354590662103891,-1.8141270038150419,-0.33240855157469884,0,1,8
1.1290511639984013,0.3402916754448677,-2.7428688616645927,-0.8713200824619325,1,1,1
-2.849818407875195,-0.37951020637425514,-1.477416096632794,-0.07318621067909159,0,2,2
-0.5798644305670639,-0.3072209772692538,0.28914773004818395,-1.0501923533144255,0,3,4
1.3763461426661818,-2.904469911493633,1.392007691102891,-2.7310637990954323,0,1,1
-1.569791663012892,-1.4169112901739405,-1.5345733947271332,-1.0651946125539724,0,2,4
-1.1092230921208537,-0.7314730978693662,-1.973775265741893,-0.814688541090856,0,5,4
1.2125473429844829,-2.8148828648545337,0.16218977153636782,-2.5069348250836962,0,1,4
-0.6163767052618296,0.38296237939675426,0.18602216274947447,-0.6715491958187949,0,1,2
0.9022625518572046,-0.9131335449844322,-1.4752824926994808,-1.7995410575610196,1,2,5
0.8190418785055009,-0.32522525999306895,0.6110204077850054,0.9416253384061466,1,3,3
0.8514641536505843,-1.3888382943361537,-1.069831764349042,-1.3776559929840364,1,1,3
0.46243956946118303,-1.1133150750905942,-0.15820936786464945,0.12497772047349298,1,5,3
-0.23708513737197368,-0.02342729992339554,-0.016115900324342958,-0.8823957735992151,0,1,2
1.0451208860425427,-0.540024824627063,-2.2287609508996855,-1.3459887473501115,1,5,3
1.8833506104230668,-0.42506650430835835,-1.33558178827378,-1.3483038465797847,1,4,0
1.3748775670929518,-1.3767719156513825,-1.924555195158749,-3.202906172034489,1,4,1
-2.729503911189897,-0.6442631250257891,-1.425109857434347,-0.25206579167805654,0,5,1
1.0536294631551424,-1.28391174821786,-0.1900453104150691,-0.3574152859964925,1,3,3
0.3354437753985413,-0.9544838383819455,-0.19689712340246013,-1.3790416240576715,0,1,5
-2.2582551791694203,-0.47903527038411853,-1.7941414905282407,-0.31845861585589275,0,1,1
0.9279693401166378,-2.1537888502079783,0.47757568937057937,-1.0751058175723947,1,4,7
-1.1032603726310866,-1.2055298936313934,-1.025347814977891,-1.1414899042461346,0,5,3
-2.3153058164645937,-0.6838419964947927,-0.11877569747076677,-0.47541927917885296,0,1,2
-1.9298504759088484,-1.102250963354865,-1.2729194928281213,-0.7395439480200557,0,1,6
0.028999310086505692,-1.7202701815691173,-0.2432312905683166,-0.18134154538160752,1,3,5
-0.09817907735077114,-0.2567115827682208,0.9301166321890499,2.309463096358822,1,2,4
1.1302228912743484,0.7838473555879193,-0.6118986298101773,-0.3276235627491878,1,4,3
-1.6688950399501712,-0.762854687343408,-0.2846558811655213,-0.7500151597454503,0,4,1
1.2899111061362498,-0.5162346099113909,-1.006195239297189,-0.960876876493231,1,2,4
1.3551355048944898,-2.1606780312897027,-0.4507624554387203,-2.4093833803378195,1,1,1
0.43958851884544425,-2.0630439489089696,-0.9387225527503394,-1.9558394646715918,0,3,1
0.8661946834552907,-1.53735692933664,-1.903489122000828,-1.2936902967421662,1,3,5
-0.9436203729805429,-0.6988919898368113,-0.9212691153474596,-0.8294999927244909,0,4,2
